{
  "epoch": [
    0,
    1,
    2,
    3,
    4,
    5,
    6,
    7,
    8,
    9,
    10,
    11,
    12,
    13,
    14,
    15,
    16,
    17,
    18,
    19,
    20,
    21,
    22,
    23,
    24,
    25,
    26,
    27,
    28,
    29,
    30,
    31,
    32,
    33
  ],
  "train_loss": [
    2.0178389597695223,
    1.597687216355614,
    1.3736106206924166,
    1.2563432298519448,
    1.201425475336988,
    1.173416056469954,
    1.1377387150782423,
    1.1254568194492367,
    1.0995036382800405,
    1.0883099823097289,
    1.039223538399688,
    0.9941073162822704,
    0.9582965150697026,
    0.9095309144559771,
    0.8893948820289465,
    0.8625389539569291,
    0.8324114621955646,
    0.7963411097956602,
    0.7869215796529007,
    0.761039749452451,
    0.7418464487649287,
    0.7221837749684412,
    0.7038324280642896,
    0.686152329928693,
    0.6706696436089732,
    0.6527303601545905,
    0.6244085539497871,
    0.6083539421748595,
    0.5929957823781712,
    0.5779681720865966,
    0.5628407343380278,
    0.5402578919298939,
    0.5113233131447916,
    0.503970867740978
  ],
  "train_acc": [
    0.3156140192810163,
    0.4491846112262366,
    0.5198666546535724,
    0.5576178034057122,
    0.5703216505991531,
    0.5830705468961168,
    0.59708081809172,
    0.6017659248580953,
    0.6132534462564195,
    0.6150554103973331,
    0.633390395531129,
    0.646049193621047,
    0.6594287773673304,
    0.6720425263537255,
    0.6764122893954411,
    0.6878097125867195,
    0.6984863501216326,
    0.7103793134516623,
    0.7128570141454185,
    0.7189386431210019,
    0.7234886025768087,
    0.7328137670060366,
    0.7417785386070818,
    0.7460582034417516,
    0.7519145868997207,
    0.7551130732498423,
    0.7699792774123795,
    0.773493107487161,
    0.7807460131543382,
    0.7875484277862871,
    0.7911523560681143,
    0.7980448689071088,
    0.8126407784485089,
    0.8113343544463465
  ],
  "train_f1": [
    0.30634806011733473,
    0.4390958085718523,
    0.5091990710912403,
    0.5466369898433115,
    0.5602089188882181,
    0.5726214063942326,
    0.5876854166737103,
    0.5930870630160711,
    0.605067597350316,
    0.6072512412738414,
    0.6263094768732301,
    0.6384579957149813,
    0.6523045735829194,
    0.6658209837689735,
    0.6700907556887107,
    0.6817321163402128,
    0.6927543422719039,
    0.7055645922477759,
    0.7077993479680617,
    0.714113333612948,
    0.7191359177168553,
    0.7283675567797865,
    0.738377106878368,
    0.7419763158641003,
    0.7482350690201006,
    0.752309868192826,
    0.7670345715143593,
    0.7711028979432464,
    0.77850807583666,
    0.785272031558718,
    0.7891035378303392,
    0.7959302108513431,
    0.8110476627550951,
    0.8096425156322039
  ],
  "val_loss": [
    1.6088201438679415,
    1.6109518303590662,
    1.5983893099953146,
    1.616951079929576,
    1.509926859070273,
    1.5447620714412016,
    1.6486684995539047,
    1.561541290844188,
    1.4065079478656544,
    1.6736576557159424,
    1.4412930502611048,
    1.9866516730364632,
    1.4126621099079357,
    1.4060971947277294,
    1.521471051608815,
    1.7588571029550888,
    1.4914419300415938,
    1.449434806318844,
    1.4668541059774511,
    1.4910577500567717,
    1.3953608975690954,
    1.3999618221731747,
    1.5095240859424366,
    1.2757575932671041,
    1.403788265059976,
    1.4304024086279028,
    1.2795708214535433,
    1.3462027486632853,
    1.4370045802172493,
    1.3645705475526697,
    1.3179646064253414,
    1.4822639297036564,
    1.3251400099081152,
    1.4179290252573349
  ],
  "val_acc": [
    0.4713740458015267,
    0.44083969465648853,
    0.4255725190839695,
    0.46564885496183206,
    0.4961832061068702,
    0.45229007633587787,
    0.4083969465648855,
    0.4675572519083969,
    0.5572519083969466,
    0.48282442748091603,
    0.5248091603053435,
    0.49427480916030536,
    0.549618320610687,
    0.5858778625954199,
    0.517175572519084,
    0.4541984732824427,
    0.5152671755725191,
    0.5782442748091603,
    0.5629770992366412,
    0.49809160305343514,
    0.6030534351145038,
    0.5515267175572519,
    0.5114503816793893,
    0.6145038167938931,
    0.5763358778625954,
    0.5725190839694656,
    0.6183206106870229,
    0.5706106870229007,
    0.5133587786259542,
    0.5954198473282443,
    0.601145038167939,
    0.5572519083969466,
    0.6278625954198473,
    0.5954198473282443
  ],
  "val_f1": [
    0.28664164429034855,
    0.25839032286263214,
    0.266526662191849,
    0.26687086909635876,
    0.2715505784337493,
    0.2839577702565737,
    0.25535458859973353,
    0.2877182350357711,
    0.30315441351924616,
    0.28393679962530327,
    0.3087757078335876,
    0.31479076997929734,
    0.3247293199625136,
    0.35304109229850683,
    0.3151975839108594,
    0.3029038314133497,
    0.3258217173168395,
    0.34465764633901697,
    0.3156996819510335,
    0.3264295513537138,
    0.3506521897183228,
    0.3404424092756807,
    0.3383045081080025,
    0.3750717864219287,
    0.33178244688328423,
    0.3399781692468204,
    0.36662496052068716,
    0.4091683457443771,
    0.3619530438441339,
    0.3442466958256993,
    0.3407571427906548,
    0.34642595153001604,
    0.36332698494160287,
    0.33009399430401615
  ]
}