{
  "epoch": [
    0,
    1,
    2,
    3,
    4,
    5,
    6,
    7,
    8,
    9,
    10,
    11,
    12,
    13
  ],
  "train_loss": [
    1.9766165456403235,
    1.5637148628149797,
    1.3502634948025374,
    1.2272599503117345,
    1.17461590700745,
    1.1423451517689216,
    1.1173386289355067,
    1.106262928725943,
    1.0893156656661285,
    1.082794173119444,
    1.0177469748571677,
    0.9829731117509402,
    0.9270079330540271,
    0.9073170675158618
  ],
  "train_acc": [
    0.3331831696549239,
    0.45918551220830706,
    0.5229750427966483,
    0.5609514370664024,
    0.5841967744841877,
    0.5938823317415983,
    0.6060005405892422,
    0.6099198125957294,
    0.6160915397783584,
    0.6179385530227949,
    0.6426254617533111,
    0.6504640057662853,
    0.6681683034507613,
    0.6730786557347509
  ],
  "train_f1": [
    0.3232616372335942,
    0.4491788236950743,
    0.5123371593780661,
    0.5505166421824054,
    0.5744248377830773,
    0.5841285604584766,
    0.596169318569758,
    0.6013117709347945,
    0.6080232818574333,
    0.6106651035662575,
    0.6349359935222562,
    0.643151152498164,
    0.6618137408880091,
    0.6663650977165072
  ],
  "val_loss": [
    1.7474284943412333,
    1.611930440453922,
    1.7069473757463343,
    1.4780067065182854,
    1.518978707930621,
    1.6338489055633545,
    1.5675288789412554,
    1.6588835576001335,
    1.613975721247056,
    1.9480102342717789,
    1.5179727708592134,
    1.6603781896478989,
    1.627374024952159,
    1.481198465122896
  ],
  "val_acc": [
    0.3416030534351145,
    0.40076335877862596,
    0.42748091603053434,
    0.5114503816793893,
    0.46946564885496184,
    0.42938931297709926,
    0.4675572519083969,
    0.4217557251908397,
    0.4541984732824427,
    0.38740458015267176,
    0.4904580152671756,
    0.46564885496183206,
    0.5,
    0.5381679389312977
  ],
  "val_f1": [
    0.22639107903551992,
    0.2582362200326141,
    0.26331764913397127,
    0.2920973416492422,
    0.2897114072411564,
    0.28501184855794365,
    0.2908390210190877,
    0.2558631923180447,
    0.27508082803013684,
    0.24958897808167438,
    0.2986611118917329,
    0.28954379315401046,
    0.2984129865533523,
    0.33535128649387075
  ]
}