{
  "epoch": [
    0,
    1,
    2,
    3,
    4,
    5,
    6,
    7,
    8,
    9,
    10
  ],
  "train_loss": [
    1.1852806733313825,
    0.5624835021033278,
    0.40828131218657737,
    0.35879944704982525,
    0.3614955790252291,
    0.39885279807152285,
    0.4012701123079693,
    0.4128976395199993,
    0.401508777120937,
    0.4398979888719551,
    0.31752469889716706
  ],
  "train_acc": [
    0.599062978646725,
    0.8039463014686008,
    0.8595368952157852,
    0.8779619785566267,
    0.8867916028471033,
    0.8834129200828903,
    0.8876925849175601,
    0.8883683214704028,
    0.8959816199657626,
    0.8887287142985855,
    0.9162987656545635
  ],
  "train_f1": [
    0.594929060119545,
    0.8019924517148119,
    0.8589286084916822,
    0.8774519923674077,
    0.8865472818480042,
    0.8830728511725998,
    0.8874881536284114,
    0.8880949062685543,
    0.8958575669550275,
    0.8886173832378959,
    0.9161437232180621
  ],
  "val_loss": [
    1.109687212635489,
    1.1112002765431124,
    1.2645748573191025,
    1.4077322728493635,
    1.6638488559161915,
    1.6820061943110298,
    1.812566529302036,
    1.9998283526476692,
    2.6155361988965202,
    2.513157206423142,
    2.559078384848202
  ],
  "val_acc": [
    0.6068702290076335,
    0.6526717557251909,
    0.6889312977099237,
    0.6812977099236641,
    0.6603053435114504,
    0.666030534351145,
    0.6603053435114504,
    0.6526717557251909,
    0.5687022900763359,
    0.5629770992366412,
    0.648854961832061
  ],
  "val_f1": [
    0.45878172878888246,
    0.5291233370355637,
    0.503665196351158,
    0.48318079994321883,
    0.45818543559652186,
    0.47865845541736507,
    0.4601920865164654,
    0.4669257781910235,
    0.3894478513892921,
    0.44188972101792384,
    0.46479103382536363
  ]
}