{
  "epoch": [
    0,
    1,
    2,
    3,
    4,
    5,
    6,
    7,
    8,
    9,
    10,
    11,
    12,
    13,
    14,
    15,
    16,
    17,
    18,
    19,
    20,
    21,
    22
  ],
  "train_loss": [
    1.7475373026068883,
    1.174093234175034,
    1.0045568983973439,
    0.9261536302457329,
    0.8555337641075367,
    0.831471128318146,
    0.7757377478912586,
    0.7877900063536549,
    0.7526941642961429,
    0.7454513588934454,
    0.7059803878078024,
    0.661101677945552,
    0.6532386609616171,
    0.5893958395219031,
    0.575370384309128,
    0.5695768084007365,
    0.5447274767260515,
    0.49695397242334965,
    0.5149225133065959,
    0.4641037689138005,
    0.4532070198018132,
    0.45874546411383244,
    0.39276565872985897
  ],
  "train_acc": [
    0.4732824427480916,
    0.6450381679389313,
    0.6803435114503816,
    0.704675572519084,
    0.7256679389312977,
    0.7383110687022901,
    0.7492843511450382,
    0.7397423664122137,
    0.7526240458015268,
    0.7540553435114504,
    0.7731393129770993,
    0.7767175572519084,
    0.7850667938931297,
    0.8117843511450382,
    0.8148854961832062,
    0.8093988549618321,
    0.8249045801526718,
    0.8418416030534351,
    0.8311068702290076,
    0.8482824427480916,
    0.8482824427480916,
    0.8518606870229007,
    0.875
  ],
  "train_f1": [
    0.17996740868645222,
    0.24064209679240234,
    0.27406236036966447,
    0.30812000262325656,
    0.3350576740327677,
    0.36776908071958947,
    0.3959025212373593,
    0.389037729675537,
    0.4424161747739421,
    0.4623299032981825,
    0.4956385673147468,
    0.5083680872745192,
    0.5200311526712557,
    0.5704443301610923,
    0.5678563561689454,
    0.5539298557428762,
    0.5818877856191801,
    0.6072286951854285,
    0.6141381937416464,
    0.6339404305361385,
    0.6325955318134565,
    0.6273534584241071,
    0.6813369908976975
  ],
  "val_loss": [
    1.2569988229695488,
    1.0042546636918013,
    0.8898767197833342,
    0.8669378722415251,
    0.8775917011148789,
    0.8649748107966255,
    0.8746766027282266,
    0.9029249233358047,
    0.9292064764920402,
    0.8900347948074341,
    0.9495158546111163,
    1.0507167612805086,
    0.8413478346431956,
    0.9357547935317544,
    0.9869177657015183,
    1.0347232152433956,
    1.0619187039487503,
    0.9979786504717434,
    1.0917493595796472,
    0.9506464495378382,
    1.1416916251182556,
    1.0552394004429089,
    1.0530072082491482
  ],
  "val_acc": [
    0.6393129770992366,
    0.6793893129770993,
    0.6984732824427481,
    0.700381679389313,
    0.7041984732824428,
    0.7385496183206107,
    0.7194656488549618,
    0.6984732824427481,
    0.7118320610687023,
    0.7118320610687023,
    0.683206106870229,
    0.6679389312977099,
    0.7347328244274809,
    0.732824427480916,
    0.7213740458015268,
    0.6698473282442748,
    0.6812977099236641,
    0.7080152671755725,
    0.7041984732824428,
    0.732824427480916,
    0.6793893129770993,
    0.6870229007633588,
    0.7061068702290076
  ],
  "val_f1": [
    0.22312137487431566,
    0.2527717126480123,
    0.28616918560818844,
    0.3051167118817917,
    0.3644546780928156,
    0.41020406111334057,
    0.36170849385174775,
    0.4040472007505899,
    0.39903665429549934,
    0.39674750598339387,
    0.425775370838174,
    0.4234246943924631,
    0.49337332634066366,
    0.47442020476929475,
    0.43057997198797493,
    0.4552087125092071,
    0.4310647330345668,
    0.41666911417759867,
    0.4400633913970405,
    0.48467122365590104,
    0.4577244794080068,
    0.4469188379090976,
    0.49945371888756945
  ]
}