{
  "epoch": [
    0,
    1,
    2,
    3,
    4,
    5,
    6,
    7,
    8,
    9,
    10,
    11,
    12,
    13,
    14,
    15,
    16,
    17,
    18,
    19,
    20,
    21,
    22,
    23,
    24,
    25,
    26,
    27,
    28,
    29,
    30,
    31,
    32,
    33
  ],
  "train_loss": [
    1.3378134888547066,
    1.1892825897413355,
    1.1237945934288374,
    1.0666902979821649,
    0.9868180401452625,
    0.9340837929995005,
    0.8893345689955559,
    0.835302647288519,
    0.8039368140788479,
    0.7744826119364673,
    0.7285501716928627,
    0.6934935546103325,
    0.6830346018985938,
    0.5911614496744316,
    0.5408682852755976,
    0.5495921388154722,
    0.5140501413181537,
    0.47520676914972204,
    0.4236115616468983,
    0.39853831733228595,
    0.3874044749914235,
    0.3517299777337613,
    0.35077564679939327,
    0.324079537238101,
    0.30496095598653983,
    0.2695619691134864,
    0.27661134001180415,
    0.2416424351595058,
    0.20762818170185307,
    0.21821126933316237,
    0.20624772423010973,
    0.17852694264662858,
    0.16065749115104438,
    0.17523057980619314
  ],
  "train_acc": [
    0.5806297709923665,
    0.6211832061068703,
    0.6357347328244275,
    0.6538645038167938,
    0.673425572519084,
    0.6865458015267175,
    0.701574427480916,
    0.7225667938931297,
    0.7364026717557252,
    0.7428435114503816,
    0.7569179389312977,
    0.7659828244274809,
    0.7709923664122137,
    0.7965171755725191,
    0.8144083969465649,
    0.8151240458015268,
    0.8251431297709924,
    0.8382633587786259,
    0.8575858778625954,
    0.8642652671755725,
    0.8683206106870229,
    0.8809637404580153,
    0.8802480916030534,
    0.896469465648855,
    0.8990935114503816,
    0.9100667938931297,
    0.9048187022900763,
    0.9219942748091603,
    0.9305820610687023,
    0.9260496183206107,
    0.9279580152671756,
    0.9398854961832062,
    0.9470419847328244,
    0.9434637404580153
  ],
  "train_f1": [
    0.21940346770884067,
    0.26785286020345206,
    0.3110592986004327,
    0.3563835613521786,
    0.40983631644625457,
    0.42164411614546043,
    0.44278732223435907,
    0.48788990019074274,
    0.5246298970469568,
    0.5444282720264674,
    0.5684237915933088,
    0.5735737745674334,
    0.6382685956242846,
    0.6908029871954816,
    0.7239462603875212,
    0.7172100377089389,
    0.7252074039696755,
    0.7186988466575379,
    0.7667310836188697,
    0.811229549127015,
    0.7690085998442991,
    0.8455682223600111,
    0.8116303613757829,
    0.8256825883024734,
    0.8315085513327339,
    0.8624094862506446,
    0.8746586764531834,
    0.8620702522322503,
    0.8933186883309748,
    0.9000208158200734,
    0.9080791171792317,
    0.9238302461457288,
    0.9322825742105764,
    0.9226633642990589
  ],
  "val_loss": [
    1.107779250425451,
    1.0791613073909985,
    1.1058631819837235,
    1.104396073257222,
    1.0701695084571838,
    1.0706908247050118,
    1.0584987366900724,
    1.1058194251621472,
    1.0296392861534567,
    1.5471956133842468,
    1.4229420809184803,
    1.1911506021724028,
    1.0702753224793602,
    1.2366316949619967,
    1.2648185421438778,
    1.310560959226945,
    1.286167909117306,
    1.2372014943291159,
    1.5223589749897228,
    1.4602617866852705,
    1.473109161152559,
    1.663856127682854,
    1.7912446190329159,
    1.537757067119374,
    1.4947521441123064,
    1.72030411047094,
    1.6062468185144312,
    1.5352556845721077,
    1.7165906008552103,
    1.7216856058906107,
    1.6908804037991692,
    1.6149500503259546,
    1.5883641733842737,
    2.0429011022343353
  ],
  "val_acc": [
    0.6545801526717557,
    0.6755725190839694,
    0.6736641221374046,
    0.6603053435114504,
    0.6755725190839694,
    0.6851145038167938,
    0.666030534351145,
    0.6755725190839694,
    0.6965648854961832,
    0.6068702290076335,
    0.6431297709923665,
    0.6374045801526718,
    0.7041984732824428,
    0.6755725190839694,
    0.6450381679389313,
    0.6469465648854962,
    0.666030534351145,
    0.6450381679389313,
    0.6526717557251909,
    0.6698473282442748,
    0.5973282442748091,
    0.6240458015267175,
    0.6583969465648855,
    0.6583969465648855,
    0.6564885496183206,
    0.6774809160305344,
    0.6545801526717557,
    0.6736641221374046,
    0.6507633587786259,
    0.6278625954198473,
    0.6679389312977099,
    0.6698473282442748,
    0.6908396946564885,
    0.6793893129770993
  ],
  "val_f1": [
    0.24020283862135666,
    0.3522379290461407,
    0.28251219893815666,
    0.40946558832245633,
    0.338119672044844,
    0.4438896355591168,
    0.4220638797692795,
    0.3832644186984536,
    0.41766581715536505,
    0.3009491541523873,
    0.26720014287964383,
    0.3546874854565214,
    0.42214990417012,
    0.33337370089376894,
    0.34309419259345547,
    0.385106442576469,
    0.3769987766665102,
    0.3735316634986784,
    0.3694317924352063,
    0.3894914752309186,
    0.3666558541985945,
    0.36891489848482306,
    0.3820847049316912,
    0.4473098588126755,
    0.3943906249069157,
    0.3885316398092366,
    0.41212251144452733,
    0.4011887903613935,
    0.37652759413554404,
    0.3759874801340272,
    0.4378269717428935,
    0.40884072756728995,
    0.44009293972998725,
    0.42846726963664544
  ]
}