{
  "epoch": [
    0,
    1,
    2,
    3,
    4,
    5,
    6,
    7,
    8,
    9,
    10,
    11,
    12,
    13,
    14,
    15,
    16,
    17,
    18,
    19,
    20,
    21,
    22,
    23,
    24,
    25,
    26,
    27,
    28,
    29,
    30,
    31,
    32,
    33,
    34,
    35,
    36,
    37,
    38,
    39,
    40,
    41,
    42,
    43,
    44,
    45,
    46,
    47,
    48,
    49,
    50,
    51,
    52,
    53,
    54,
    55,
    56,
    57,
    58,
    59,
    60,
    61,
    62,
    63,
    64,
    65,
    66,
    67,
    68,
    69,
    70,
    71,
    72,
    73,
    74
  ],
  "train_loss": [
    1.447085375549229,
    1.32676288826775,
    1.3192092143852292,
    1.2913997314358485,
    1.2514266394476854,
    1.2486734290159385,
    1.230977058865642,
    1.1926836084773522,
    1.2038971008235262,
    1.1800360297428742,
    1.1490428188374935,
    1.1468857899876952,
    1.1326605627554973,
    1.12209195626601,
    1.121859641475532,
    1.101033363178486,
    1.1130985189940183,
    1.078702231854883,
    1.0968113350504227,
    1.0661993199632367,
    1.0762250978528087,
    1.0442954065235517,
    1.0450948017244122,
    1.0402816124544798,
    1.0252139181581161,
    1.0316271049375751,
    1.0211719734068134,
    1.014790518820741,
    1.006772166445055,
    1.001132353571535,
    1.007502355648361,
    0.9792610252176532,
    0.9866072533239845,
    0.9676457370510538,
    0.9708379643564006,
    0.9571186481541349,
    0.9549660969326514,
    0.9392640144770382,
    0.9242498988413629,
    0.9169471261610511,
    0.8954550011922385,
    0.9042860974792306,
    0.896101621726087,
    0.8830167428227781,
    0.8807197740969767,
    0.8632333858777549,
    0.8673841546055014,
    0.8606327496867143,
    0.8425911005216701,
    0.8482227446013735,
    0.8190374235615475,
    0.802620267367545,
    0.7905558193002948,
    0.7786125709082334,
    0.7750874332344259,
    0.7537678725846851,
    0.7560891547730861,
    0.736724630339455,
    0.7157562645792052,
    0.7168200926016305,
    0.7112371493841856,
    0.6987849348828993,
    0.7018040448199702,
    0.6824384750300692,
    0.6775725875192016,
    0.6723379799882874,
    0.6579608432664216,
    0.6451966412194813,
    0.6363627569366047,
    0.6405817468202751,
    0.6295610493376055,
    0.6185135841369629,
    0.623120310652347,
    0.6131486289828788,
    0.6175357246671924
  ],
  "train_acc": [
    0.5512881679389313,
    0.583969465648855,
    0.5827767175572519,
    0.5865935114503816,
    0.59375,
    0.5906488549618321,
    0.6042461832061069,
    0.6102099236641222,
    0.6056774809160306,
    0.6156965648854962,
    0.6259541984732825,
    0.6166507633587787,
    0.6228530534351145,
    0.6195133587786259,
    0.6218988549618321,
    0.6352576335877863,
    0.6288167938931297,
    0.643368320610687,
    0.6359732824427481,
    0.6450381679389313,
    0.6471851145038168,
    0.648854961832061,
    0.6526717557251909,
    0.6490935114503816,
    0.6557729007633588,
    0.6617366412213741,
    0.6586354961832062,
    0.6645992366412213,
    0.6612595419847328,
    0.669131679389313,
    0.6638835877862596,
    0.669131679389313,
    0.6719942748091603,
    0.6715171755725191,
    0.6665076335877863,
    0.6767652671755725,
    0.6674618320610687,
    0.6810591603053435,
    0.6810591603053435,
    0.6870229007633588,
    0.6927480916030534,
    0.6896469465648855,
    0.6929866412213741,
    0.6934637404580153,
    0.6982347328244275,
    0.6984732824427481,
    0.6994274809160306,
    0.7051526717557252,
    0.7027671755725191,
    0.6968034351145038,
    0.7177958015267175,
    0.7194656488549618,
    0.7216125954198473,
    0.7287690839694656,
    0.7321087786259542,
    0.7309160305343512,
    0.7395038167938931,
    0.7445133587786259,
    0.7440362595419847,
    0.7454675572519084,
    0.7464217557251909,
    0.7521469465648855,
    0.7526240458015268,
    0.7507156488549618,
    0.7609732824427481,
    0.7588263358778626,
    0.7621660305343512,
    0.7614503816793893,
    0.7750477099236641,
    0.7693225190839694,
    0.7700381679389313,
    0.7721851145038168,
    0.7767175572519084,
    0.7764790076335878,
    0.7810114503816794
  ],
  "train_f1": [
    0.18381893092859133,
    0.20807923832866299,
    0.22223164918881047,
    0.21384227069888137,
    0.22995152182945858,
    0.22751676679593621,
    0.243418692400129,
    0.24335796138476182,
    0.24307714592275664,
    0.2692043009538739,
    0.2756356300754854,
    0.24510655363451575,
    0.261790693637913,
    0.2629940319470973,
    0.25416854394977045,
    0.27462429158194585,
    0.273722689728049,
    0.3005714288481856,
    0.3177848340968341,
    0.30274936174331385,
    0.2989628387352479,
    0.3135906722213818,
    0.33748986949187737,
    0.3608050246980503,
    0.3174643973715286,
    0.3624849970015741,
    0.3398106568183135,
    0.34719646057196046,
    0.33890422009431914,
    0.37587223323601454,
    0.37096302461844244,
    0.3999519119443871,
    0.36697929785907113,
    0.44101212361462383,
    0.3643505138822928,
    0.39300217980366553,
    0.4338330189172981,
    0.46137365193205687,
    0.4127551718180509,
    0.4281672331225247,
    0.41229690637243527,
    0.4165879962905889,
    0.4537716027997634,
    0.4792461280038021,
    0.4943015398168122,
    0.44238673576401766,
    0.49142381166670257,
    0.4980598770508747,
    0.46634572765131066,
    0.43948220932370036,
    0.5768269725914205,
    0.5147081391336928,
    0.525986214697241,
    0.5886432880537268,
    0.5882080561144406,
    0.5877374493089208,
    0.611845300439867,
    0.6157225729700195,
    0.6186328261542938,
    0.6021952245901866,
    0.6245877341823634,
    0.6297090651701741,
    0.6333111253060406,
    0.6232391166391019,
    0.667303265361883,
    0.6417542028849577,
    0.6692166857756997,
    0.6787252969335025,
    0.6882408903308784,
    0.6845329457428914,
    0.6766850368907201,
    0.6912159486428757,
    0.699184841421665,
    0.7077362623842524,
    0.7119181105157766
  ],
  "val_loss": [
    1.320232580689823,
    1.1668588799588822,
    1.2747820335275986,
    1.1983081172494328,
    1.280451238155365,
    1.144302859025843,
    1.183862335541669,
    1.1735494171871859,
    1.1352562273249907,
    1.10408295953975,
    1.2155534484807182,
    1.0784498347955591,
    1.152842963443083,
    1.718358692000894,
    1.2636001425630905,
    1.1732592407394857,
    1.1081668944919811,
    1.0934766425805933,
    1.0861835935536552,
    1.1187753642306608,
    1.0534762424581192,
    1.0776422900312088,
    1.2208284946048962,
    1.0937497966429766,
    1.1642355182591606,
    1.1151383799665116,
    1.0959391453686882,
    1.0388490066808813,
    1.0577083475449507,
    1.038914764628691,
    1.0959791330730213,
    1.0460455487756168,
    1.0525974841678845,
    1.0354772560736711,
    1.0435787509469425,
    1.0159881605821497,
    1.0812613403095919,
    1.0434660525882946,
    1.0507031679153442,
    1.0375390473534079,
    1.023564545547261,
    0.9592262261054095,
    1.0304135575014002,
    1.0388162171139437,
    1.001761513597825,
    1.0042002411449658,
    0.9982057213783264,
    1.0156897586934708,
    1.0615146054941065,
    0.9489700198173523,
    1.0300664130379171,
    1.0040328046854805,
    0.997873018769657,
    1.019659911884981,
    0.9912746373344871,
    1.0350383905803455,
    1.0026109744520748,
    1.0342061309253467,
    1.0497706567539888,
    1.0456401074633879,
    1.0399828903815325,
    1.0370974470587337,
    1.0199837053523344,
    1.0370736788300907,
    1.057645156103022,
    1.0510875687879675,
    1.0369238748269922,
    1.0361996082698597,
    1.0442700876909143,
    1.0302624176530277,
    1.0542031912242664,
    1.0510775622199564,
    1.063349979765275,
    1.059756016030031,
    1.0646557597553028
  ],