{
  "epoch": [
    0,
    1,
    2,
    3,
    4,
    5,
    6,
    7,
    8,
    9,
    10,
    11,
    12,
    13,
    14,
    15,
    16,
    17,
    18,
    19,
    20,
    21,
    22,
    23,
    24,
    25
  ],
  "train_loss": [
    1.7593242394105169,
    1.1752613678233315,
    1.000983479823775,
    0.9158775537978602,
    0.859755459177585,
    0.844499644432359,
    0.7907685098302273,
    0.7740318388429307,
    0.7546523431785234,
    0.7247437570841258,
    0.6931822004209038,
    0.6310182907654129,
    0.6247853090744893,
    0.6277412205707026,
    0.5585577362821302,
    0.573763377907622,
    0.5331659355691372,
    0.5131569526350225,
    0.500252895114076,
    0.48604956553637524,
    0.47323909151645105,
    0.4332944428875246,
    0.4229361952943656,
    0.38533515835763843,
    0.3700186778002113,
    0.37503702580246306
  ],
  "train_acc": [
    0.47638358778625955,
    0.6481393129770993,
    0.683206106870229,
    0.7075381679389313,
    0.7175572519083969,
    0.7292461832061069,
    0.7511927480916031,
    0.7526240458015268,
    0.7554866412213741,
    0.7631202290076335,
    0.768368320610687,
    0.7965171755725191,
    0.7962786259541985,
    0.7934160305343512,
    0.8215648854961832,
    0.8144083969465649,
    0.8191793893129771,
    0.836354961832061,
    0.8377862595419847,
    0.8356393129770993,
    0.8458969465648855,
    0.8594942748091603,
    0.8583015267175572,
    0.8714217557251909,
    0.8783396946564885,
    0.8800095419847328
  ],
  "train_f1": [
    0.1635309156640289,
    0.23958843064109506,
    0.2785537056874914,
    0.31194037361618965,
    0.3254436668416188,
    0.348797262468911,
    0.4243086967818147,
    0.43009777975545166,
    0.46413104308183384,
    0.4604857361139538,
    0.48716424829958294,
    0.5082360707976519,
    0.5343301986495269,
    0.5192545661349484,
    0.5399451330946499,
    0.5693395349997287,
    0.587245122469105,
    0.6013376020403803,
    0.6125734295440395,
    0.6087100240777,
    0.6295159416922094,
    0.6376067728107117,
    0.6444455292641428,
    0.6758788720501937,
    0.7048021722392739,
    0.6833019517560545
  ],
  "val_loss": [
    1.2659126800649307,
    1.0348407731336706,
    0.9025361467810238,
    0.8848595514016993,
    0.8966843240401324,
    0.8129953233634725,
    0.9485316732350517,
    1.012668325620539,
    1.0059400411213146,
    0.9281902698909535,
    0.883223253137925,
    0.892976866048925,
    0.9945101878222298,
    1.1371930381831001,
    1.2262057241271525,
    0.9938256354892955,
    0.9268218629500445,
    1.081239006098579,
    1.1086479074814741,
    0.9474854153745315,
    0.9989591065575095,
    0.9917045270695406,
    1.074173415408415,
    1.0336877651074354,
    1.134911176036386,
    1.0935245647149927
  ],
  "val_acc": [
    0.6393129770992366,
    0.6755725190839694,
    0.7099236641221374,
    0.7099236641221374,
    0.7175572519083969,
    0.7442748091603053,
    0.6889312977099237,
    0.6564885496183206,
    0.6583969465648855,
    0.6812977099236641,
    0.7137404580152672,
    0.7270992366412213,
    0.6889312977099237,
    0.601145038167939,
    0.5744274809160306,
    0.7022900763358778,
    0.7194656488549618,
    0.6698473282442748,
    0.6278625954198473,
    0.7156488549618321,
    0.7137404580152672,
    0.6984732824427481,
    0.6889312977099237,
    0.7099236641221374,
    0.7061068702290076,
    0.6908396946564885
  ],
  "val_f1": [
    0.21726421096482132,
    0.28982062119297064,
    0.3160864901173306,
    0.3073764650040825,
    0.367529222233352,
    0.38376822252874393,
    0.38567970561260034,
    0.3907842828845915,
    0.3807790514438757,
    0.41596762768408974,
    0.42939079142810904,
    0.45107378012595745,
    0.43637530733302404,
    0.38847000176983126,
    0.3749331544057377,
    0.4413806998989191,
    0.4352178120753621,
    0.43305010308627057,
    0.40500126768620553,
    0.4723520698315506,
    0.45196748609678145,
    0.41055943546569473,
    0.4170739090416372,
    0.4659161829422018,
    0.4077300891362994,
    0.40860005955392203
  ]
}