{
  "epoch": [
    0,
    1,
    2,
    3,
    4,
    5,
    6,
    7,
    8,
    9,
    10,
    11,
    12,
    13,
    14,
    15,
    16,
    17,
    18,
    19,
    20,
    21,
    22,
    23,
    24,
    25
  ],
  "train_loss": [
    1.402468393777163,
    1.2409598686312902,
    1.1722186376120298,
    1.1104317125473313,
    1.0851725826736625,
    1.0393913997948625,
    1.0232268130506268,
    0.9715042730779139,
    0.9590307269387572,
    0.9335503273337852,
    0.9101007808255785,
    0.8841497317980264,
    0.8381889232697378,
    0.8247692298343163,
    0.7681719676683877,
    0.766499595787689,
    0.7440220879689428,
    0.7044021985458053,
    0.6681350442289397,
    0.6395688848641082,
    0.6300284041248205,
    0.6080984849738711,
    0.602115702196842,
    0.5665712330405038,
    0.5166834109384595,
    0.49673263375995724
  ],
  "train_acc": [
    0.5625,
    0.6099713740458015,
    0.6214217557251909,
    0.6395515267175572,
    0.6457538167938931,
    0.6626908396946565,
    0.6619751908396947,
    0.6767652671755725,
    0.6796278625954199,
    0.6858301526717557,
    0.6901240458015268,
    0.7065839694656488,
    0.7211354961832062,
    0.7192270992366412,
    0.7430820610687023,
    0.7430820610687023,
    0.7418893129770993,
    0.759780534351145,
    0.7752862595419847,
    0.7805343511450382,
    0.7748091603053435,
    0.795324427480916,
    0.7931774809160306,
    0.8086832061068703,
    0.8206106870229007,
    0.8282442748091603
  ],
  "train_f1": [
    0.20272769376041797,
    0.25756924998890013,
    0.2917476647870875,
    0.3214987085393169,
    0.3469054523179843,
    0.3911751082569415,
    0.3871902463755625,
    0.4205663947815253,
    0.4340698000839513,
    0.4685969651298063,
    0.4629259886258493,
    0.47225945214285064,
    0.5599229331070567,
    0.5113498712050925,
    0.5692971498899657,
    0.5769053116988697,
    0.5801952715102533,
    0.6201679325870416,
    0.6738669847870773,
    0.6682082191000975,
    0.6497773970188631,
    0.6742738249501351,
    0.6542129311458228,
    0.7412835264923946,
    0.7686157891870525,
    0.7485819859128608
  ],
  "val_loss": [
    1.1081900246003096,
    1.2004182233529932,
    1.092392458635218,
    1.2069641211453606,
    1.178979077759911,
    1.0380182546727799,
    1.0390159663032084,
    1.1540466336642994,
    1.0664034976678736,
    1.1710669503492468,
    1.1009104041492237,
    1.2423203973209156,
    1.2229994114707499,
    1.1105890659724964,
    1.2063051321927238,
    1.0804224014282227,
    1.307118899681989,
    1.2463397523936104,
    1.193962763337528,
    1.2641061123679667,
    1.358704966657302,
    1.352072421242209,
    1.2054326744640576,
    1.590934024137609,
    1.3420530136893778,
    1.556314889122458
  ],
  "val_acc": [
    0.6583969465648855,
    0.6450381679389313,
    0.683206106870229,
    0.6431297709923665,
    0.6755725190839694,
    0.6774809160305344,
    0.6755725190839694,
    0.6145038167938931,
    0.6870229007633588,
    0.700381679389313,
    0.6736641221374046,
    0.6793893129770993,
    0.6526717557251909,
    0.6698473282442748,
    0.648854961832061,
    0.6545801526717557,
    0.6164122137404581,
    0.666030534351145,
    0.6622137404580153,
    0.6431297709923665,
    0.6774809160305344,
    0.6717557251908397,
    0.6583969465648855,
    0.6679389312977099,
    0.6622137404580153,
    0.6583969465648855
  ],
  "val_f1": [
    0.24677386722173705,
    0.225846569305242,
    0.353970634074888,
    0.28491415079249616,
    0.2975290048515645,
    0.352071600926373,
    0.3798974139742777,
    0.39246946368851227,
    0.30988322758777775,
    0.3649889459099684,
    0.37241324258033165,
    0.38287198841015546,
    0.3000950150368038,
    0.39906877392063506,
    0.39322016155476813,
    0.37839021661811073,
    0.33269975385431905,
    0.3890713991438856,
    0.38463178545870175,
    0.3420854710143976,
    0.3421450828971684,
    0.3804461965836523,
    0.4027470793978953,
    0.3188193904784567,
    0.3398160479041073,
    0.3734440988520081
  ]
}