{
  "epoch": [
    0,
    1,
    2,
    3,
    4,
    5,
    6,
    7,
    8,
    9,
    10,
    11,
    12,
    13,
    14,
    15,
    16,
    17,
    18,
    19,
    20,
    21,
    22,
    23,
    24,
    25,
    26,
    27,
    28,
    29,
    30,
    31
  ],
  "train_loss": [
    1.7828814438714973,
    1.5110639424697376,
    1.372176248857122,
    1.3027930137423505,
    1.26251128986404,
    1.2328229450848696,
    1.211048323908457,
    1.1804778333107238,
    1.136964898988442,
    1.0890881154830203,
    1.0159294996909036,
    0.972707833330506,
    0.9317643455164165,
    0.8989181071667535,
    0.8612004218713497,
    0.8333742660502612,
    0.798055592418544,
    0.7746793969771553,
    0.7539114327981286,
    0.7311969680344267,
    0.7023057374065765,
    0.6850025424045189,
    0.6648356430417128,
    0.6471872391000139,
    0.618380919157927,
    0.5978329850820413,
    0.5716261295721717,
    0.5638409135244764,
    0.532036134831024,
    0.513852932644552,
    0.5025797712480939,
    0.4670845853502616
  ],
  "train_acc": [
    0.378727813316515,
    0.4777457428597171,
    0.5163978736823137,
    0.5458149382827282,
    0.5566717722317326,
    0.5698261104604019,
    0.5781151455086044,
    0.5862239841427156,
    0.6034777907919633,
    0.6180737003333634,
    0.6381205514010271,
    0.6501036129381025,
    0.665150013514731,
    0.6724029191819083,
    0.6890260383818362,
    0.696414091359582,
    0.7133976033876925,
    0.7185782502928192,
    0.7248400756824939,
    0.7302910172087576,
    0.7421389314352644,
    0.7479052166861879,
    0.7549328768357509,
    0.7612848004324714,
    0.770114424722948,
    0.7766465447337598,
    0.785295972610145,
    0.7934498603477791,
    0.8029552211910983,
    0.8123704838273719,
    0.8137670060365799,
    0.8276421299216146
  ],
  "train_f1": [
    0.36551116182105775,
    0.4669224431140386,
    0.5057556593308157,
    0.5350544609410566,
    0.5447456597915743,
    0.5596947092774862,
    0.5688842236582448,
    0.5778870780334646,
    0.5950028681489615,
    0.6094243344652485,
    0.6302442869184032,
    0.6425997115681967,
    0.6577120595186312,
    0.664986450087148,
    0.682628308701407,
    0.6903230189750539,
    0.7076809144757445,
    0.7124696778755026,
    0.720075472221976,
    0.7257196063644278,
    0.7381914234241662,
    0.7439574029776977,
    0.7513072348665603,
    0.7581328344291173,
    0.7674059388798317,
    0.7737995036085127,
    0.7833089670530139,
    0.7912082737789686,
    0.8010533852613985,
    0.810584718201391,
    0.8120128858791467,
    0.8261318640754055
  ],
  "val_loss": [
    1.7074916713378008,
    1.5921545659794527,
    1.5352167031344246,
    1.628318751559538,
    1.5268698369755465,
    1.7781756555332857,
    1.5959569566390093,
    1.594195940915276,
    1.607538426623625,
    1.5445507764816284,
    1.476368553498212,
    1.5439622472314274,
    1.5059463767444385,
    1.4283227008931778,
    1.3579232622595394,
    1.3965664050158333,
    1.409218661925372,
    1.5269833417499767,
    1.3994215095744413,
    1.4903163138557882,
    1.4062818358926212,
    1.177025233998018,
    1.2525191517437206,
    1.2581008322098677,
    1.218713038107928,
    1.483183222658494,
    1.354018106180079,
    1.4995201615726246,
    1.404425042517045,
    1.4833954607739168,
    1.5086684086743523,
    1.4287754823179806
  ],
  "val_acc": [
    0.4179389312977099,
    0.4541984732824427,
    0.4732824427480916,
    0.4580152671755725,
    0.49809160305343514,
    0.3893129770992366,
    0.46946564885496184,
    0.4541984732824427,
    0.4713740458015267,
    0.4866412213740458,
    0.49427480916030536,
    0.5343511450381679,
    0.5248091603053435,
    0.5286259541984732,
    0.5782442748091603,
    0.5572519083969466,
    0.5305343511450382,
    0.5267175572519084,
    0.566793893129771,
    0.5229007633587787,
    0.5954198473282443,
    0.6393129770992366,
    0.6450381679389313,
    0.6202290076335878,
    0.6125954198473282,
    0.566793893129771,
    0.6164122137404581,
    0.5896946564885496,
    0.6259541984732825,
    0.601145038167939,
    0.6030534351145038,
    0.6145038167938931
  ],
  "val_f1": [
    0.25715531362639366,
    0.29452329796668963,
    0.2962392235833517,
    0.2783909505078606,
    0.30759296218055926,
    0.25872569005481355,
    0.23951852345147653,
    0.2806828196693747,
    0.3055277501883818,
    0.290255109442041,
    0.29898741292518277,
    0.31576170398577375,
    0.30868026802123416,
    0.3225693351845778,
    0.3351146002271327,
    0.29596938385675836,
    0.3052365594324579,
    0.3030594035158161,
    0.30406085394688814,
    0.28390304898518365,
    0.3408869557567647,
    0.33243733210273213,
    0.3702217623703418,
    0.3738307202763624,
    0.35258333262619995,
    0.3473014859158345,
    0.31718100333429805,
    0.3345384886851749,
    0.38289709629519225,
    0.36572556974965115,
    0.353378658622279,
    0.31651302735835857
  ]
}