{
  "epoch": [
    0,
    1,
    2,
    3,
    4,
    5,
    6,
    7,
    8,
    9,
    10,
    11,
    12,
    13,
    14,
    15,
    16,
    17,
    18,
    19,
    20,
    21,
    22
  ],
  "train_loss": [
    1.6405827930865398,
    1.2801363732068594,
    1.15469560277371,
    1.0521875690412885,
    0.9835641102026437,
    0.9179515538324836,
    0.8393190284721724,
    0.8610287420167267,
    0.8115319208106921,
    0.7790256591926095,
    0.7781721967777223,
    0.7254265508123936,
    0.7113154002728354,
    0.655321417419055,
    0.6572953872098267,
    0.6384547342553394,
    0.6214218408096838,
    0.5423015939029119,
    0.5607797572858461,
    0.5260229026543275,
    0.5023821251082966,
    0.5318135294409199,
    0.4582796695123192
  ],
  "train_acc": [
    0.53125,
    0.617604961832061,
    0.6481393129770993,
    0.6739026717557252,
    0.6953721374045801,
    0.7049141221374046,
    0.7275763358778626,
    0.7251908396946565,
    0.7440362595419847,
    0.7507156488549618,
    0.7609732824427481,
    0.7709923664122137,
    0.7824427480916031,
    0.7869751908396947,
    0.7891221374045801,
    0.8000954198473282,
    0.8072519083969466,
    0.8287213740458015,
    0.8263358778625954,
    0.8334923664122137,
    0.84375,
    0.8358778625954199,
    0.8530534351145038
  ],
  "train_f1": [
    0.20825691945067798,
    0.2996219090823598,
    0.33850253955827314,
    0.4222132691931462,
    0.43175362389657257,
    0.47192248854215124,
    0.5114775633155066,
    0.5024040473375578,
    0.5165504384788209,
    0.5312450343351378,
    0.5553459847338611,
    0.5944376585309668,
    0.6080669070753931,
    0.6209836540141962,
    0.6349902317131968,
    0.6567785174774016,
    0.6603311394963453,
    0.7172167870399846,
    0.7151144673143203,
    0.7044271830494018,
    0.7186171587489213,
    0.7486028417738055,
    0.7770559933777701
  ],
  "val_loss": [
    1.143890296711641,
    0.9566027557148653,
    0.8905229463296778,
    0.9883830933009877,
    1.0336228784392862,
    0.9081214596243465,
    1.0129182443899267,
    0.9365334966603447,
    1.0362023921573864,
    1.1417931107913746,
    1.0477021687171038,
    1.0445675569422104,
    1.2095755338668823,
    1.0452413278467514,
    1.1565953563241398,
    1.1717695313341476,
    1.0881785119281095,
    1.0771771774572485,
    1.3724544609294218,
    1.243338777738459,
    1.1956219603033627,
    1.3851688819773056,
    1.4099935117889852
  ],
  "val_acc": [
    0.6698473282442748,
    0.6927480916030534,
    0.7194656488549618,
    0.6965648854961832,
    0.6908396946564885,
    0.7385496183206107,
    0.7309160305343512,
    0.7366412213740458,
    0.6870229007633588,
    0.7213740458015268,
    0.7099236641221374,
    0.7442748091603053,
    0.7251908396946565,
    0.7194656488549618,
    0.7309160305343512,
    0.7633587786259542,
    0.732824427480916,
    0.7270992366412213,
    0.7442748091603053,
    0.732824427480916,
    0.700381679389313,
    0.732824427480916,
    0.6946564885496184
  ],
  "val_f1": [
    0.2652984015647783,
    0.41494022390787094,
    0.40712223075149584,
    0.4104516085429301,
    0.4925501819210435,
    0.48999944396311984,
    0.44072146018881425,
    0.4606497091990322,
    0.38807183210171114,
    0.4306588535380381,
    0.43370639056819554,
    0.4408233113685057,
    0.42483020363465906,
    0.4391278430728184,
    0.43826504528764315,
    0.48646900201275184,
    0.4508385304998274,
    0.45309930329410847,
    0.46898321701980944,
    0.5010929879137535,
    0.44888549896646707,
    0.44858234113854073,
    0.4344426506266524
  ]
}