{
  "epoch": [
    0,
    1,
    2,
    3,
    4,
    5,
    6,
    7,
    8,
    9,
    10,
    11,
    12,
    13,
    14,
    15,
    16,
    17,
    18,
    19,
    20,
    21,
    22,
    23
  ],
  "train_loss": [
    1.6832805430616131,
    1.3226487450017275,
    1.197946129181913,
    1.1092787812684328,
    0.9995884340228015,
    0.9513881989107787,
    0.8758102466586892,
    0.855548785160516,
    0.8524712892889067,
    0.8255049415672099,
    0.8750501261412642,
    0.8078626999418244,
    0.80378259570544,
    0.7579661343843882,
    0.7097942987243637,
    0.753228786109968,
    0.656130728830818,
    0.6559709629029719,
    0.669840260543896,
    0.6712714136784314,
    0.6456862243304726,
    0.620378952558714,
    0.5220347280038222,
    0.5117434418497194
  ],
  "train_acc": [
    0.5255248091603053,
    0.615219465648855,
    0.6479007633587787,
    0.6693702290076335,
    0.6922709923664122,
    0.7080152671755725,
    0.7189885496183206,
    0.7278148854961832,
    0.7352099236641222,
    0.7414122137404581,
    0.7282919847328244,
    0.7471374045801527,
    0.7471374045801527,
    0.7717080152671756,
    0.7919847328244275,
    0.7745706106870229,
    0.8012881679389313,
    0.8031965648854962,
    0.7972328244274809,
    0.7972328244274809,
    0.8029580152671756,
    0.816793893129771,
    0.8373091603053435,
    0.8387404580152672
  ],
  "train_f1": [
    0.20005667530603713,
    0.2750191167626976,
    0.3582909567467987,
    0.390947774761216,
    0.4408700384299655,
    0.45469260199767,
    0.4697529354328775,
    0.4886564540954001,
    0.5089223771879964,
    0.5123251391649479,
    0.47999506562080346,
    0.5403164693214774,
    0.5458516007504536,
    0.5679127403126831,
    0.6075714959002302,
    0.5778114908261611,
    0.6291886788457881,
    0.6356718349136131,
    0.6600242914817689,
    0.6151534601053936,
    0.640880287005461,
    0.6813185888195454,
    0.7465712304210809,
    0.7306264432833676
  ],
  "val_loss": [
    1.1973017313901115,
    0.9519186826313243,
    1.0024995733709896,
    0.9169912513564614,
    1.0180203599088333,
    0.9777013168615454,
    1.052808873793658,
    0.9668079614639282,
    0.939139699234682,
    1.1734458523638107,
    1.1029247746748083,
    1.1096980747054606,
    1.2454733603140886,
    1.1252889668240267,
    1.2807858165572672,
    1.2153064748820137,
    1.2476567766245674,
    1.2679820341222428,
    1.2608338524313534,
    1.407302218324998,
    1.2719748230541454,
    1.2904732332510107,
    1.2459092946613537,
    1.2159849440350252
  ],
  "val_acc": [
    0.6431297709923665,
    0.6946564885496184,
    0.7194656488549618,
    0.7251908396946565,
    0.7080152671755725,
    0.7290076335877863,
    0.7137404580152672,
    0.7118320610687023,
    0.7290076335877863,
    0.6946564885496184,
    0.6774809160305344,
    0.683206106870229,
    0.7213740458015268,
    0.7366412213740458,
    0.6946564885496184,
    0.6946564885496184,
    0.6908396946564885,
    0.7080152671755725,
    0.7061068702290076,
    0.7347328244274809,
    0.6793893129770993,
    0.7099236641221374,
    0.7175572519083969,
    0.7270992366412213
  ],
  "val_f1": [
    0.22139085914617274,
    0.3593988272450049,
    0.3830224559919401,
    0.40786268053977276,
    0.4266348624637395,
    0.4130052832569261,
    0.45003821150182527,
    0.4409848712309305,
    0.47930976326281594,
    0.44565211906017943,
    0.4621144704744433,
    0.4755194864616616,
    0.4198141673614351,
    0.49816954500478966,
    0.44180043010364595,
    0.38198692468088713,
    0.4252550332674009,
    0.4268092001548753,
    0.41775393795581395,
    0.3939711673135451,
    0.41535154564152404,
    0.43241850561898443,
    0.4396260619547416,
    0.47837907712012
  ]
}