{
  "epoch": [
    0,
    1,
    2,
    3,
    4,
    5,
    6,
    7,
    8,
    9,
    10,
    11,
    12
  ],
  "train_loss": [
    2.1947415311827916,
    1.7021241078849967,
    1.5380316874908126,
    1.3636876064857453,
    1.1494431747052505,
    1.3851127308288604,
    1.223676235621212,
    1.3097291558070947,
    1.3162951139548353,
    1.3720111664924912,
    1.0332219951025403,
    1.3198143753386635,
    1.3100667454814183
  ],
  "train_acc": [
    0.33110687022900764,
    0.4363072519083969,
    0.45372137404580154,
    0.4997614503816794,
    0.5343511450381679,
    0.5159828244274809,
    0.5236164122137404,
    0.555104961832061,
    0.5310114503816794,
    0.544131679389313,
    0.5605916030534351,
    0.5412690839694656,
    0.552719465648855
  ],
  "train_f1": [
    0.2087896135346882,
    0.2916124115565849,
    0.3247664927135723,
    0.37018760881529345,
    0.42572675876342836,
    0.38299653285795365,
    0.41085921968713934,
    0.4168129665824713,
    0.4006473835946023,
    0.4117804327828354,
    0.4629414390135204,
    0.4022826504963413,
    0.4182174903986015
  ],
  "val_loss": [
    1.7351209626478308,
    1.884004088009105,
    1.6697379631154678,
    2.070644992239335,
    2.132593614213607,
    3.0699918971342197,
    2.1213142801733578,
    2.4354862150023964,
    2.2035039014676037,
    2.226995026364046,
    2.337513341623194,
    2.5771455273908725,
    2.7052478264359867
  ],
  "val_acc": [
    0.4637404580152672,
    0.4866412213740458,
    0.5400763358778626,
    0.4675572519083969,
    0.5057251908396947,
    0.4389312977099237,
    0.45038167938931295,
    0.49236641221374045,
    0.6049618320610687,
    0.4484732824427481,
    0.5,
    0.3530534351145038,
    0.5362595419847328
  ],
  "val_f1": [
    0.30204932067550083,
    0.33583106804606533,
    0.3564802931946602,
    0.32806056470432066,
    0.3682946998951461,
    0.3367466827936671,
    0.34264743312803675,
    0.33491909187371066,
    0.42316763580830374,
    0.35624149433296226,
    0.3650863735001195,
    0.31108934509295266,
    0.36591165394565883
  ]
}