{
  "epoch": [
    0,
    1,
    2,
    3,
    4,
    5,
    6,
    7,
    8,
    9,
    10,
    11
  ],
  "train_loss": [
    2.1344538053483455,
    1.700092416683226,
    1.4300415365750554,
    1.4765009031495975,
    1.6496807894178929,
    1.490762917140058,
    1.659701503415144,
    1.4401144077077166,
    1.3033890826556518,
    1.480895218048387,
    1.4758938746597932,
    1.1779281517476525
  ],
  "train_acc": [
    0.3463740458015267,
    0.4241412213740458,
    0.4883110687022901,
    0.49904580152671757,
    0.5033396946564885,
    0.5047709923664122,
    0.5069179389312977,
    0.5157442748091603,
    0.5221851145038168,
    0.5019083969465649,
    0.5255248091603053,
    0.5520038167938931
  ],
  "train_f1": [
    0.21393586587511623,
    0.28728066480190856,
    0.35160628190358056,
    0.3641003206743687,
    0.35037500409825256,
    0.37036294282946525,
    0.3547044163436919,
    0.3781188373415643,
    0.3964539895468947,
    0.36331675574748257,
    0.37120340514950817,
    0.4329237047326725
  ],
  "val_loss": [
    1.6815995889551498,
    1.562358417931725,
    2.0471499492140377,
    2.1595711883376625,
    2.742975757402532,
    2.375887362396016,
    2.1924035514102265,
    2.297505887115703,
    2.2272096206160152,
    2.0204725721303154,
    2.4861167669296265,
    1.9510237855069779
  ],
  "val_acc": [
    0.5343511450381679,
    0.566793893129771,
    0.5019083969465649,
    0.41412213740458015,
    0.6564885496183206,
    0.5343511450381679,
    0.25572519083969464,
    0.5076335877862596,
    0.4122137404580153,
    0.5725190839694656,
    0.44274809160305345,
    0.5305343511450382
  ],
  "val_f1": [
    0.34453768951479663,
    0.4204625465012192,
    0.32496209163529693,
    0.3227144981621382,
    0.42925078887974216,
    0.3575169577086817,
    0.25793400317476456,
    0.40469748858353705,
    0.32644406042856927,
    0.36762042012138924,
    0.2758139663578869,
    0.37732820774590203
  ]
}