{
  "epoch": [
    0,
    1,
    2,
    3,
    4,
    5,
    6,
    7,
    8,
    9,
    10,
    11,
    12,
    13,
    14,
    15,
    16,
    17,
    18,
    19,
    20,
    21,
    22,
    23,
    24
  ],
  "train_loss": [
    1.715306314803262,
    1.41188539484985,
    1.3865424431007327,
    1.2777298006392617,
    1.220259191425702,
    1.1491270265506424,
    1.0825458437431859,
    1.0632236458873021,
    1.036337201831905,
    1.043954988017337,
    1.0427458609333475,
    0.9845033815798868,
    0.9398134864923609,
    0.9305906245726665,
    0.886920133619818,
    0.8636337061419742,
    0.8681945987330139,
    0.8019238323655747,
    0.795431459905537,
    0.7313333848733028,
    0.7055982951899521,
    0.7094515268584244,
    0.6621572359372642,
    0.6491360823616726,
    0.6135821071744875
  ],
  "train_acc": [
    0.5076335877862596,
    0.5777671755725191,
    0.5887404580152672,
    0.6025763358778626,
    0.6204675572519084,
    0.6340648854961832,
    0.6450381679389313,
    0.6579198473282443,
    0.6650763358778626,
    0.6626908396946565,
    0.6667461832061069,
    0.6803435114503816,
    0.6960877862595419,
    0.7041984732824428,
    0.7166030534351145,
    0.7106393129770993,
    0.7235209923664122,
    0.7380725190839694,
    0.742604961832061,
    0.7588263358778626,
    0.7614503816793893,
    0.7748091603053435,
    0.7802958015267175,
    0.7891221374045801,
    0.8010496183206107
  ],
  "train_f1": [
    0.18171078909911265,
    0.23983503825515012,
    0.2669006642137456,
    0.2915381333854851,
    0.3087610415322154,
    0.33017215877114714,
    0.3626988954261377,
    0.3792228729917105,
    0.3946343120222963,
    0.3697882509121921,
    0.38846880671762646,
    0.4186096811447148,
    0.4747178883805778,
    0.46571487044645177,
    0.4811459562875768,
    0.48868026485614263,
    0.5499128369624509,
    0.5426552168851283,
    0.5797606903790345,
    0.6304749816938968,
    0.6177575835337152,
    0.6313693815089029,
    0.6057562811396039,
    0.6628578064057085,
    0.6846426094137136
  ],
  "val_loss": [
    1.2120087322066813,
    1.1439198500969832,
    1.1328964584013994,
    1.045149242176729,
    1.036879325614256,
    1.058433290790109,
    1.0457655542037065,
    1.1112004588632023,
    1.056441671708051,
    1.1229635827681597,
    1.1112735516884749,
    1.1797262815868153,
    1.067487020702923,
    1.1353616854723763,
    1.109564556795008,
    1.0978636355961071,
    1.0489915609359741,
    1.1520617464009453,
    1.1046614681973177,
    1.3191237870384664,
    1.288374949904049,
    1.2288955099442427,
    1.3953180803972132,
    1.327143034514259,
    1.5525953559314503
  ],
  "val_acc": [
    0.6374045801526718,
    0.6526717557251909,
    0.6564885496183206,
    0.6717557251908397,
    0.6774809160305344,
    0.6717557251908397,
    0.6870229007633588,
    0.6717557251908397,
    0.6774809160305344,
    0.6927480916030534,
    0.6812977099236641,
    0.6164122137404581,
    0.683206106870229,
    0.6641221374045801,
    0.700381679389313,
    0.6507633587786259,
    0.7080152671755725,
    0.6717557251908397,
    0.6622137404580153,
    0.6106870229007634,
    0.6774809160305344,
    0.6717557251908397,
    0.6183206106870229,
    0.6851145038167938,
    0.6736641221374046
  ],
  "val_f1": [
    0.22642723904630976,
    0.2577225662896737,
    0.31778206506524165,
    0.3265251266496318,
    0.3366002257508517,
    0.3566591025424911,
    0.3728920350895622,
    0.3272979375831237,
    0.3688906912834309,
    0.39217207103606894,
    0.38716496492838864,
    0.3385016195734711,
    0.3619883923343219,
    0.40496869208095193,
    0.44482461538542,
    0.37678683324095325,
    0.3911720759930676,
    0.384883987386541,
    0.370444901492721,
    0.3987917232342229,
    0.44416777965372983,
    0.4189075514886234,
    0.3385988784937268,
    0.44499311890978477,
    0.3565439830407364
  ]
}