{
  "epoch": [
    0,
    1,
    2,
    3,
    4,
    5,
    6,
    7,
    8,
    9
  ],
  "train_loss": [
    1.1192130004272707,
    0.6809192646453591,
    0.5699799775161639,
    0.5341040185690517,
    0.5605478163575984,
    0.5319115752898843,
    0.5736990481747981,
    0.5006903881637234,
    0.48859866779035455,
    0.43866204742685594
  ],
  "train_acc": [
    0.6095594197675466,
    0.763086764573385,
    0.8021443373276872,
    0.8191278493557979,
    0.8212451572213713,
    0.8352103793134517,
    0.828092620956843,
    0.843003874222903,
    0.8489503558879178,
    0.8632309217046581
  ],
  "train_f1": [
    0.6034663784789294,
    0.760054901752262,
    0.8004400717921765,
    0.8180228541979698,
    0.8201695722511088,
    0.8343926974855759,
    0.827188246384426,
    0.8423488009457692,
    0.8485412248435895,
    0.8631326483257813
  ],
  "val_loss": [
    1.1154349902096916,
    1.0744227135882658,
    1.1774827697697807,
    1.3654889622155357,
    1.2772255434709436,
    1.469925368533415,
    1.929775693837334,
    1.8300864451071794,
    1.664387955385096,
    1.5239283337312586
  ],
  "val_acc": [
    0.6374045801526718,
    0.6870229007633588,
    0.666030534351145,
    0.6564885496183206,
    0.7232824427480916,
    0.6793893129770993,
    0.6507633587786259,
    0.6221374045801527,
    0.6354961832061069,
    0.6297709923664122
  ],
  "val_f1": [
    0.4611389222973879,
    0.4657384633006691,
    0.4813125997581615,
    0.4051363109316546,
    0.4694283727160889,
    0.40442817909855133,
    0.4095144127812048,
    0.3440882636343238,
    0.38642476157051475,
    0.46062305440994566
  ]
}