{
  "epoch": [
    0,
    1,
    2,
    3,
    4,
    5,
    6,
    7,
    8,
    9,
    10,
    11,
    12,
    13,
    14,
    15,
    16,
    17,
    18,
    19,
    20,
    21,
    22
  ],
  "train_loss": [
    1.727543332194554,
    1.5310496339816173,
    1.344500258906197,
    1.1580218233679997,
    0.9816414636510019,
    0.9891234549857278,
    0.9110519031759436,
    0.8104678834895142,
    0.8419635895326847,
    0.6694838495654915,
    0.5816106776358517,
    0.579632831950679,
    0.5842161215273024,
    0.4728454488208731,
    0.43821195979382244,
    0.41471296884403885,
    0.4167790981933816,
    0.3915916254729715,
    0.28497611429855113,
    0.2431650496166171,
    0.26072050028174887,
    0.26189043756773456,
    0.33394995038859715
  ],
  "train_acc": [
    0.45395992366412213,
    0.48354007633587787,
    0.5446087786259542,
    0.5729961832061069,
    0.5982824427480916,
    0.6128339694656488,
    0.6199904580152672,
    0.6586354961832062,
    0.6450381679389313,
    0.6896469465648855,
    0.7149332061068703,
    0.7225667938931297,
    0.7321087786259542,
    0.7626431297709924,
    0.7841125954198473,
    0.7826812977099237,
    0.7826812977099237,
    0.8017652671755725,
    0.8284828244274809,
    0.853530534351145,
    0.8506679389312977,
    0.8580629770992366,
    0.8311068702290076
  ],
  "train_f1": [
    0.2912039442516981,
    0.32874245201281005,
    0.3848011983896907,
    0.4353037553573351,
    0.473505378309901,
    0.47912678020059724,
    0.48728631954362817,
    0.5416947735513017,
    0.518042607692514,
    0.6055196495638314,
    0.6662882172365966,
    0.6773143415496429,
    0.6650082338119442,
    0.7177164641650509,
    0.7541034803649587,
    0.7503134610273912,
    0.7603405457979512,
    0.7805092958484295,
    0.824789539402648,
    0.864761874404503,
    0.853642941059941,
    0.8550862272142914,
    0.7667648334302303
  ],
  "val_loss": [
    2.5134762665804695,
    1.7853538078420303,
    2.201152401811936,
    1.6764030386419857,
    1.822221363292021,
    2.0881561777170967,
    2.0999559269231907,
    1.474740924204097,
    1.871181375840131,
    1.7773533989401424,
    2.2435661904952107,
    1.7714518238516415,
    2.3546336152974296,
    2.1685975772493027,
    2.121402630034615,
    2.1144696824690876,
    2.4797341700862434,
    2.631635406438042,
    2.489266788258272,
    3.286618674502653,
    3.192961934734793,
    2.8400869614937725,
    2.5583779776797577
  ],
  "val_acc": [
    0.2900763358778626,
    0.42366412213740456,
    0.44656488549618323,
    0.4904580152671756,
    0.5076335877862596,
    0.583969465648855,
    0.6145038167938931,
    0.6412213740458015,
    0.601145038167939,
    0.5992366412213741,
    0.5706106870229007,
    0.6698473282442748,
    0.666030534351145,
    0.6870229007633588,
    0.6374045801526718,
    0.6068702290076335,
    0.7175572519083969,
    0.7099236641221374,
    0.6851145038167938,
    0.6793893129770993,
    0.7118320610687023,
    0.6736641221374046,
    0.6698473282442748
  ],
  "val_f1": [
    0.2394107414957509,
    0.30625209095898387,
    0.31503740363705207,
    0.3785194236782269,
    0.39034780583449746,
    0.38253488372509287,
    0.4239805210094747,
    0.44906836471517037,
    0.4167320610757598,
    0.45003407404870993,
    0.39925494606668654,
    0.4502920408639178,
    0.4544897042220884,
    0.46274131164023885,
    0.4698620889478585,
    0.443982086314163,
    0.5242981666302694,
    0.5355714725538719,
    0.5156888254445734,
    0.5168921541035466,
    0.5060991943080152,
    0.48395294569058417,
    0.4790407553076273
  ]
}