{
  "epoch": [
    0,
    1,
    2,
    3,
    4,
    5,
    6,
    7,
    8,
    9
  ],
  "train_loss": [
    2.0243858144483493,
    1.734722363129827,
    1.6056488866114433,
    1.5103361228950152,
    1.4529478909405134,
    1.3944039044489387,
    1.377058307178148,
    1.3077523326145783,
    1.2975550657920254,
    1.2547546802586271
  ],
  "train_acc": [
    0.4930820610687023,
    0.5243320610687023,
    0.5326812977099237,
    0.5276717557251909,
    0.5431774809160306,
    0.5555820610687023,
    0.5479484732824428,
    0.552719465648855,
    0.5534351145038168,
    0.5472328244274809
  ],
  "train_f1": [
    0.2545706028103835,
    0.32830847964691023,
    0.3390400411984121,
    0.3712803089150923,
    0.38323608634022205,
    0.3996513772899034,
    0.40142596779247036,
    0.4017033941940648,
    0.4043481938978523,
    0.4023955973757525
  ],
  "val_loss": [
    1.7195397755678963,
    1.6119024683447445,
    1.5301355894874125,
    1.526594547664418,
    1.496299379012164,
    1.5056010309387655,
    1.477573647218592,
    1.5105904516051798,
    1.5021373629570007,
    1.5289529667181128
  ],
  "val_acc": [
    0.5992366412213741,
    0.6030534351145038,
    0.5419847328244275,
    0.5687022900763359,
    0.5706106870229007,
    0.5896946564885496,
    0.549618320610687,
    0.5648854961832062,
    0.5782442748091603,
    0.5610687022900763
  ],
  "val_f1": [
    0.363603073003653,
    0.36751710716480657,
    0.39090349283614656,
    0.37517097414289197,
    0.35389532675431856,
    0.39834098099753507,
    0.3671561461851127,
    0.36655307873040394,
    0.36943009441439423,
    0.36667956699074866
  ]
}