{
  "epoch": [
    0
  ],
  "train_loss": [
    1.3109002636589167
  ],
  "train_acc": [
    0.5958969465648855
  ],
  "train_f1": [
    0.21370794969447668
  ],
  "val_loss": [
    1.0848282715853523
  ],
  "val_acc": [
    0.6583969465648855
  ],
  "val_f1": [
    0.23530618534574266
  ]
}