{
  "epoch": [
    0,
    1,
    2,
    3,
    4,
    5,
    6,
    7,
    8,
    9,
    10,
    11,
    12,
    13,
    14,
    15,
    16,
    17,
    18,
    19,
    20
  ],
  "train_loss": [
    1.0698574958866789,
    0.8815388006108408,
    0.7993052276491209,
    0.7145381449288084,
    0.6617222378272136,
    0.5910948956285724,
    0.5459467119160499,
    0.48104858182313787,
    0.4591917195392929,
    0.38969421341219024,
    0.4016025502035636,
    0.36652352382208553,
    0.284387159040411,
    0.27322413760969655,
    0.24171254209434714,
    0.22055370076239564,
    0.18315143138170242,
    0.19042411153666847,
    0.16164243481484533,
    0.1644854694462687,
    0.13386652246117592
  ],
  "train_acc": [
    0.6521946564885496,
    0.7049141221374046,
    0.7254293893129771,
    0.7593034351145038,
    0.7771946564885496,
    0.7950858778625954,
    0.8089217557251909,
    0.8303912213740458,
    0.8420801526717557,
    0.8616412213740458,
    0.8628339694656488,
    0.8673664122137404,
    0.8962309160305344,
    0.9045801526717557,
    0.9141221374045801,
    0.9239026717557252,
    0.9322519083969466,
    0.9339217557251909,
    0.9441793893129771,
    0.9444179389312977,
    0.9556297709923665
  ],
  "train_f1": [
    0.31175120424079333,
    0.4115087100758887,
    0.45132457794574743,
    0.5351771744362244,
    0.5643268460948041,
    0.614866551204532,
    0.6893928161495767,
    0.6740945108383154,
    0.7516719857324827,
    0.8169208555958523,
    0.7554585417605733,
    0.8039540548305709,
    0.87561005194189,
    0.8785442261389332,
    0.8748344459482833,
    0.9029503851454073,
    0.9044702867725498,
    0.9315043854657279,
    0.923949235215255,
    0.9209696722820553,
    0.9494134006131809
  ],
  "val_loss": [
    1.1191310812445248,
    1.0605386039789986,
    0.9411915207610411,
    0.9529810302397784,
    0.9412370779935051,
    0.8839017398217145,
    1.0739087146871231,
    1.0032829642295837,
    1.0786391636904549,
    1.274847784463097,
    1.052398797343759,
    1.0821347692433525,
    1.3549967758795793,
    1.4225571015301872,
    1.3222421477822697,
    1.503642976284027,
    1.4898059999241549,
    1.5589443620513468,
    1.485766102285946,
    1.5682720839977264,
    1.516653043382308
  ],
  "val_acc": [
    0.6984732824427481,
    0.700381679389313,
    0.7137404580152672,
    0.7652671755725191,
    0.7156488549618321,
    0.7442748091603053,
    0.7270992366412213,
    0.7423664122137404,
    0.7251908396946565,
    0.75,
    0.7404580152671756,
    0.7595419847328244,
    0.7156488549618321,
    0.7270992366412213,
    0.7423664122137404,
    0.7366412213740458,
    0.7290076335877863,
    0.7022900763358778,
    0.7404580152671756,
    0.7251908396946565,
    0.7366412213740458
  ],
  "val_f1": [
    0.37148417205693246,
    0.40302718488969036,
    0.39143289260434516,
    0.4860017730397132,
    0.46988853997991387,
    0.5177623067125132,
    0.4917548801337073,
    0.4402673633052194,
    0.438033112457887,
    0.4764850581056114,
    0.5112572366976201,
    0.5213223645462484,
    0.4409431497637581,
    0.47525162300398943,
    0.49872244270622984,
    0.48751624940425303,
    0.5093032461251791,
    0.4366712845731232,
    0.4600284118205317,
    0.45851315967860756,
    0.4961882326226002
  ]
}