{
  "epoch": [
    0
  ],
  "train_loss": [
    2.007851148379668
  ],
  "train_acc": [
    0.4625477099236641
  ],
  "train_f1": [
    0.23928007040973434
  ],
  "val_loss": [
    1.759846750427695
  ],
  "val_acc": [
    0.6259541984732825
  ],
  "val_f1": [
    0.34245643492483313
  ]
}