{
  "epoch": [
    0,
    1,
    2,
    3,
    4,
    5,
    6,
    7,
    8,
    9,
    10,
    11,
    12,
    13,
    14,
    15,
    16,
    17,
    18,
    19,
    20,
    21,
    22
  ],
  "train_loss": [
    1.7593306521422991,
    1.4917183586659322,
    1.3336101092455042,
    1.2837711654546606,
    1.1031029486019193,
    0.9664586151146707,
    0.7959325847052435,
    0.9013938952720802,
    0.8024300970421493,
    0.7524287857627141,
    0.7054974342348012,
    0.7628071966175815,
    0.6311891609020815,
    0.5045057922487951,
    0.551828047303298,
    0.5010874153662274,
    0.40282107246968585,
    0.37078098059838055,
    0.3156338432476721,
    0.30452637331745097,
    0.29274834800540034,
    0.23294542513730873,
    0.2686532924932833
  ],
  "train_acc": [
    0.4448950381679389,
    0.49212786259541985,
    0.5083492366412213,
    0.5190839694656488,
    0.5751431297709924,
    0.5987595419847328,
    0.6333492366412213,
    0.6276240458015268,
    0.6607824427480916,
    0.6681774809160306,
    0.6815362595419847,
    0.6536259541984732,
    0.7077767175572519,
    0.7366412213740458,
    0.7352099236641222,
    0.7366412213740458,
    0.7912690839694656,
    0.7943702290076335,
    0.8196564885496184,
    0.8313454198473282,
    0.8289599236641222,
    0.8618797709923665,
    0.8354007633587787
  ],
  "train_f1": [
    0.2773126269246553,
    0.3390999985723054,
    0.3715035138561532,
    0.3753077868970554,
    0.43488220999167254,
    0.46523617189478694,
    0.5276251697530665,
    0.4969293113698912,
    0.548374998017765,
    0.5606907938790604,
    0.5971497145652505,
    0.5392593346113344,
    0.6245080680795532,
    0.69579801639857,
    0.6970273982167279,
    0.7132560367609213,
    0.7675562891849007,
    0.7802137833312215,
    0.8152816636028188,
    0.831604884747534,
    0.8117832338246899,
    0.8665464813588251,
    0.8419213889680983
  ],
  "val_loss": [
    2.2029070293202118,
    1.8983580645392923,
    2.124027932391447,
    1.9247177348417395,
    1.9484310115084928,
    2.022085379151737,
    1.874341638649211,
    1.6621596708017237,
    1.8727230990634245,
    2.1012595576398514,
    2.3411340871277977,
    2.4718911630265854,
    2.365857829065884,
    2.6297093559713924,
    2.3195926161373364,
    2.384244985440198,
    2.190290061866536,
    2.4330274182207443,
    2.399736092371099,
    2.4527029587942013,
    2.447075941983391,
    2.813648153753842,
    2.598481462282293
  ],
  "val_acc": [
    0.4389312977099237,
    0.6603053435114504,
    0.35877862595419846,
    0.4599236641221374,
    0.4751908396946565,
    0.5591603053435115,
    0.5973282442748091,
    0.6106870229007634,
    0.6889312977099237,
    0.6087786259541985,
    0.5209923664122137,
    0.48854961832061067,
    0.5820610687022901,
    0.6431297709923665,
    0.47900763358778625,
    0.6030534351145038,
    0.6641221374045801,
    0.7080152671755725,
    0.648854961832061,
    0.6870229007633588,
    0.7118320610687023,
    0.6870229007633588,
    0.7194656488549618
  ],
  "val_f1": [
    0.32264111682141283,
    0.444563147911413,
    0.2615401043336443,
    0.3366574501158089,
    0.3040769129279135,
    0.39367356823719707,
    0.3927654148451047,
    0.41549005871962214,
    0.4577374891370369,
    0.4100499075622471,
    0.36924011534002704,
    0.3801635444855128,
    0.44652551989247924,
    0.4421484520307279,
    0.39554445665313887,
    0.43730880953239804,
    0.45092612415209316,
    0.5242132652940106,
    0.47172755297256014,
    0.48974125778968264,
    0.5076585415324675,
    0.45949604580411413,
    0.5155755664488495
  ]
}