{
  "epoch": [
    0,
    1,
    2,
    3,
    4,
    5,
    6,
    7,
    8,
    9,
    10,
    11,
    12,
    13
  ],
  "train_loss": [
    2.167847311223736,
    1.738213060466388,
    1.409170302270933,
    1.196944410109338,
    1.0189053700625441,
    1.0269400586608712,
    0.9141756255208081,
    0.8288140072849871,
    0.8399707048221399,
    0.9236158735424508,
    0.8393535675438306,
    0.7239615962705539,
    0.8547981438290981,
    0.9613711546168072
  ],
  "train_acc": [
    0.3797709923664122,
    0.5255248091603053,
    0.5720419847328244,
    0.5904103053435115,
    0.598043893129771,
    0.6068702290076335,
    0.6204675572519084,
    0.6364503816793893,
    0.6455152671755725,
    0.6486164122137404,
    0.648854961832061,
    0.677719465648855,
    0.6393129770992366,
    0.6340648854961832
  ],
  "train_f1": [
    0.2025240466074588,
    0.3131393534841163,
    0.3996971619155705,
    0.4263929930786503,
    0.472343761817694,
    0.4583712992123154,
    0.4964034262829012,
    0.5135683746737467,
    0.5519413282377325,
    0.541800830934062,
    0.5247965769061009,
    0.5876522755850021,
    0.5148830994916297,
    0.48409505224047494
  ],
  "val_loss": [
    1.8794599841622746,
    1.4597625627237207,
    1.3725991073776693,
    1.3529130535967209,
    1.7415125966072083,
    1.5631951444289263,
    1.6394193978870617,
    1.8286999639342814,
    1.7137315956985248,
    1.9991127182455624,
    2.211452719043283,
    2.0652999562375687,
    2.9095151704900406,
    2.5928311628453873
  ],
  "val_acc": [
    0.5629770992366412,
    0.6202290076335878,
    0.5381679389312977,
    0.6335877862595419,
    0.5286259541984732,
    0.5629770992366412,
    0.6183206106870229,
    0.5801526717557252,
    0.6297709923664122,
    0.5896946564885496,
    0.6374045801526718,
    0.4770992366412214,
    0.41603053435114506,
    0.6202290076335878
  ],
  "val_f1": [
    0.3032283641464648,
    0.4372262795398425,
    0.41624258621321936,
    0.44934627781115355,
    0.3807525326300361,
    0.36634200838597764,
    0.45783110635080776,
    0.426359321060073,
    0.43670419004104827,
    0.4553536873927154,
    0.5013735575059867,
    0.36096708718674936,
    0.38185739406565916,
    0.39121500093438044
  ]
}