{
  "epoch": [
    0,
    1,
    2,
    3,
    4,
    5,
    6,
    7,
    8,
    9,
    10,
    11,
    12,
    13,
    14,
    15,
    16,
    17,
    18,
    19
  ],
  "train_loss": [
    2.274561200433105,
    1.870945646562649,
    1.5103449662223116,
    1.3293866542459445,
    1.2609083399972842,
    1.073541068621264,
    0.9908776986234971,
    0.9141850570458492,
    0.8850477183138141,
    0.8974044100018858,
    0.7448574873327299,
    0.820867590037466,
    0.7432766916187665,
    0.852977889070984,
    0.9213437096763203,
    0.6840886706841811,
    0.6727040350892162,
    0.47774070336391,
    0.39619876819712513,
    0.3405988118006983
  ],
  "train_acc": [
    0.289837786259542,
    0.49212786259541985,
    0.5486641221374046,
    0.5524809160305344,
    0.575381679389313,
    0.5760973282442748,
    0.6054389312977099,
    0.6099713740458015,
    0.6006679389312977,
    0.6257156488549618,
    0.6634064885496184,
    0.6600667938931297,
    0.6576812977099237,
    0.642175572519084,
    0.6426526717557252,
    0.6839217557251909,
    0.7020515267175572,
    0.7621660305343512,
    0.7907919847328244,
    0.8086832061068703
  ],
  "train_f1": [
    0.1624029877641193,
    0.27448606995548724,
    0.341253891740024,
    0.3912198487195413,
    0.41535686213491213,
    0.4403229578263914,
    0.487065457543831,
    0.49507286227177205,
    0.491691411565934,
    0.5074326169091906,
    0.5731372063335924,
    0.5664641276040613,
    0.5516408328147689,
    0.5376574349346842,
    0.5046090585900981,
    0.5915152816633173,
    0.6147492472646378,
    0.7304858716447139,
    0.7616818232199037,
    0.8087746841501647
  ],
  "val_loss": [
    2.0666284841649674,
    1.6813478014048409,
    1.5944721944191877,
    1.7410491810125464,
    1.557268787832821,
    1.6611567034440882,
    1.4486289971015032,
    2.225968813194948,
    1.981892119435703,
    2.3677612472982967,
    2.1921901825596306,
    1.9333828933098738,
    2.2993193829760834,
    2.0131175272605,
    2.4429538705769707,
    2.0226102716782512,
    2.532738710150999,
    2.9940388377975014,
    2.6240108188460853,
    2.7330460600993214
  ],
  "val_acc": [
    0.46564885496183206,
    0.5820610687022901,
    0.5114503816793893,
    0.5629770992366412,
    0.48282442748091603,
    0.5362595419847328,
    0.5725190839694656,
    0.48854961832061067,
    0.5629770992366412,
    0.5229007633587787,
    0.5305343511450382,
    0.5438931297709924,
    0.6354961832061069,
    0.549618320610687,
    0.5572519083969466,
    0.5305343511450382,
    0.6469465648854962,
    0.6183206106870229,
    0.6774809160305344,
    0.6793893129770993
  ],
  "val_f1": [
    0.2671414262150446,
    0.3708085696665181,
    0.4077701775589373,
    0.4108540872406023,
    0.4147820494978199,
    0.4023732695124496,
    0.42907407521958607,
    0.33947198590517486,
    0.4323098258836861,
    0.47351658647988265,
    0.42158962811317213,
    0.37090809341742476,
    0.4585399310972159,
    0.3958139337754396,
    0.36036966756820715,
    0.3895524808873953,
    0.45773085015737164,
    0.43445111040725914,
    0.4918935018464532,
    0.4943564861193378
  ]
}