{
  "epoch": [
    0,
    1,
    2,
    3,
    4,
    5,
    6,
    7,
    8
  ],
  "train_loss": [
    2.2228136244620984,
    1.7950694652004096,
    1.4955669855343476,
    1.2611303452317042,
    1.134606065413424,
    1.127307107430378,
    0.9657904471604879,
    0.9003859385279299,
    0.8459616298893936
  ],
  "train_acc": [
    0.32872137404580154,
    0.5374522900763359,
    0.5570133587786259,
    0.5849236641221374,
    0.5763358778625954,
    0.6023377862595419,
    0.6040076335877863,
    0.6197519083969466,
    0.6385973282442748
  ],
  "train_f1": [
    0.1816697827901682,
    0.3067981192033229,
    0.3507034878583584,
    0.42398676090313764,
    0.42768546993466305,
    0.4473242751870186,
    0.4835064569838634,
    0.5051579835923725,
    0.5244491489324828
  ],
  "val_loss": [
    1.9858477606492884,
    1.5551362738889807,
    1.3910492798861336,
    1.2289583683013916,
    1.523020846002242,
    1.530805784113267,
    1.7597997258691227,
    1.9101809824214262,
    2.0283755502280068
  ],
  "val_acc": [
    0.549618320610687,
    0.5877862595419847,
    0.5458015267175572,
    0.5782442748091603,
    0.5763358778625954,
    0.5419847328244275,
    0.44274809160305345,
    0.5286259541984732,
    0.6412213740458015
  ],
  "val_f1": [
    0.3423443397512349,
    0.41420386443639007,
    0.36773993132058885,
    0.44264934747756873,
    0.400326675545907,
    0.3981157074114112,
    0.3485785556509582,
    0.416593393068799,
    0.4239750535232638
  ]
}