{
  "epoch": [
    0,
    1,
    2,
    3,
    4,
    5,
    6,
    7,
    8,
    9,
    10,
    11,
    12,
    13,
    14,
    15,
    16,
    17,
    18,
    19,
    20,
    21,
    22,
    23,
    24,
    25,
    26,
    27,
    28,
    29,
    30,
    31,
    32,
    33,
    34,
    35,
    36,
    37,
    38,
    39,
    40,
    41,
    42,
    43,
    44,
    45,
    46,
    47,
    48,
    49,
    50,
    51,
    52,
    53,
    54,
    55,
    56,
    57,
    58,
    59,
    60,
    61,
    62,
    63,
    64,
    65,
    66
  ],
  "train_loss": [
    1.678492915539341,
    1.270021227479891,
    1.1847705422466948,
    1.1723199336583379,
    1.1446905905053815,
    1.1367376787971903,
    1.1350368438786222,
    1.1237274440190264,
    1.1103271332405906,
    1.1006004623784365,
    1.0978372037865733,
    1.1073747036111263,
    1.0815047171279675,
    1.0970650260685055,
    1.0875023057442585,
    1.0547187651386698,
    1.0809613871210404,
    1.0535857090513214,
    1.0382831176273695,
    1.0325399327824134,
    1.0220823961359855,
    1.0243151588294341,
    1.0027291720150082,
    0.9988212276051063,
    0.9907345098393564,
    0.9972071474745073,
    0.990905779008647,
    0.9814544597654852,
    0.957492275092438,
    0.9638101777047602,
    0.9727976940970384,
    0.9596189487981432,
    0.954013746203357,
    0.9359749855885979,
    0.9266953545672293,
    0.9227129930758294,
    0.9113903446051911,
    0.9101673323689526,
    0.8948129247163088,
    0.8922200667039129,
    0.8906245399977415,
    0.8952879114005402,
    0.8804302893522131,
    0.8627789270786839,
    0.8633226322308751,
    0.8543891315241806,
    0.8423930738718455,
    0.8411221950108768,
    0.8318712124387726,
    0.8207566210331808,
    0.8182100994896343,
    0.8062323900579497,
    0.7940135097685661,
    0.7990138558031038,
    0.7905041134084454,
    0.7912436860208293,
    0.7674636859020204,
    0.7782484174684714,
    0.7666089191236569,
    0.7465510036199148,
    0.7442830373312681,
    0.7361413056158838,
    0.7377210787234415,
    0.7263110871533401,
    0.7167118191719055,
    0.7132629931883048,
    0.7121105831088
  ],
  "train_acc": [
    0.5,
    0.6047232824427481,
    0.6173664122137404,
    0.6178435114503816,
    0.6211832061068703,
    0.6281011450381679,
    0.6269083969465649,
    0.6242843511450382,
    0.6309637404580153,
    0.6307251908396947,
    0.6357347328244275,
    0.6338263358778626,
    0.6412213740458015,
    0.6374045801526718,
    0.6397900763358778,
    0.6536259541984732,
    0.6450381679389313,
    0.6510019083969466,
    0.6572041984732825,
    0.6505248091603053,
    0.6631679389312977,
    0.6591125954198473,
    0.6655534351145038,
    0.6638835877862596,
    0.6712786259541985,
    0.6598282442748091,
    0.6603053435114504,
    0.6722328244274809,
    0.6715171755725191,
    0.6793893129770993,
    0.674618320610687,
    0.6853530534351145,
    0.6770038167938931,
    0.6791507633587787,
    0.6770038167938931,
    0.6860687022900763,
    0.6867843511450382,
    0.6851145038167938,
    0.6932251908396947,
    0.6951335877862596,
    0.7001431297709924,
    0.691793893129771,
    0.6984732824427481,
    0.7020515267175572,
    0.6994274809160306,
    0.7065839694656488,
    0.7075381679389313,
    0.7108778625954199,
    0.7108778625954199,
    0.7166030534351145,
    0.708969465648855,
    0.7223282442748091,
    0.7270992366412213,
    0.7242366412213741,
    0.726145038167939,
    0.7247137404580153,
    0.7321087786259542,
    0.7266221374045801,
    0.7294847328244275,
    0.7375954198473282,
    0.7385496183206107,
    0.7404580152671756,
    0.7409351145038168,
    0.7466603053435115,
    0.745706106870229,
    0.7502385496183206,
    0.7495229007633588
  ],
  "train_f1": [
    0.11520995082584334,
    0.18758172319570302,
    0.21125674605894987,
    0.2204877311882784,
    0.22639301993790176,
    0.24014773964498237,
    0.2557057586141112,
    0.25442718051974395,
    0.2704784900285739,
    0.2701316006307959,
    0.2869770116730808,
    0.2855363127543044,
    0.29690740941340404,
    0.29187262559791294,
    0.28779725349232244,
    0.3213498944839496,
    0.3235094469095156,
    0.3074678703602152,
    0.33278564200240174,
    0.31335481886878375,
    0.3385775742516124,
    0.3405134498401823,
    0.3379422872265787,
    0.3404081621626323,
    0.3664745790029293,
    0.35414897916362137,
    0.35915817243100856,
    0.3705701011006066,
    0.36327444463460784,
    0.36389533077106845,
    0.378253047732338,
    0.40117246238758314,
    0.3900850835654987,
    0.3835357816356707,
    0.42581332862643073,
    0.4368882129027002,
    0.4162411639402134,
    0.4378385741752327,
    0.43893541901225874,
    0.4666556690029962,
    0.473950084694007,
    0.4307151865528773,
    0.4767632956301261,
    0.49858391357252163,
    0.5037367118374169,
    0.5082314959300734,
    0.530615666301408,
    0.4852133767539531,
    0.48744861031680614,
    0.5249266884537565,
    0.5210623158627041,
    0.5257108518683951,
    0.5505162333271809,
    0.5146434025808659,
    0.5712107693238717,
    0.5545243616029918,
    0.561771489996887,
    0.5890574451314351,
    0.5728309492227426,
    0.5982999666160054,
    0.5775910516019601,
    0.6054369109034452,
    0.6080054225113476,
    0.6283964162669659,
    0.6484878459233808,
    0.6050547922569307,
    0.6337002891220243
  ],
  "val_loss": [
    1.8183025191811955,
    1.3957080350202673,
    1.2554632635677563,
    1.183221953756669,
    1.0990287345998428,
    1.0437773255740894,
    1.1512013778967016,
    1.0644085617626415,
    1.0961296628503239,
    1.0730628546546488,
    1.142854508231668,
    1.1453175474615658,
    1.1757827892022974,
    1.184335940024432,
    1.0933614513453316,
    1.1632763848585241,
    1.1297750788576462,
    1.0203304956941044,
    1.0836163022938896,
    1.0646422295009388,
    1.0662102138294893,
    1.0532285325667436,
    1.0268997199395125,
    1.0506869449334986,
    1.030828612692216,
    1.0170278023271,
    1.032766910160289,
    1.0164410506977755,
    1.030340783736285,
    1.0256489445181454,
    1.0135825030943926,
    1.0160636340870577,
    1.0318597625283634,
    1.0286391447572147,
    1.0138060871292562,
    1.0156741037088282,
    1.0190052530344795,
    0.9916752541766447,
    0.9934674010557287,
    1.0195634820882011,
    1.0128606172168957,
    1.0405768927405863,
    1.014193825861987,
    1.0219807204078226,
    1.0031277432161219,
    0.9921798495685353,
    0.9854128851610071,
    0.9869658982052523,
    0.9940942946602317,
    0.9766354595913607,
    0.9831725919947905,
    0.9764981375021093,
    0.998638794702642,
    1.0077880866387312,
    1.0110145176158232,
    1.001028670984156,
    1.02040031377007,
    1.0259130421806784,
    1.0559329320402706,
    1.0420292300336502,
    1.0373839911292582,
    1.0286429489360136,
    1.0494860410690308,
    1.0311273967518526,
    1.0606948943699108,
    1.0499680813621073,
    1.0507529553245096
  ],