{
  "epoch": [
    0,
    1,
    2,
    3,
    4,
    5,
    6,
    7,
    8,
    9,
    10
  ],
  "train_loss": [
    2.328844030394809,
    2.014751799233997,
    1.6964609140658196,
    1.4800350247448637,
    1.3391604842120455,
    1.2946442292846796,
    1.1647060709145234,
    1.114908368760393,
    1.0021089522438196,
    1.0902417977802625,
    1.1103335800971694
  ],
  "train_acc": [
    0.2297232824427481,
    0.4050572519083969,
    0.5133587786259542,
    0.558206106870229,
    0.569895038167939,
    0.5732347328244275,
    0.5815839694656488,
    0.5908874045801527,
    0.6145038167938931,
    0.6004293893129771,
    0.6018606870229007
  ],
  "train_f1": [
    0.12688257139764897,
    0.23056746966801878,
    0.32097927730774806,
    0.3619400958385429,
    0.4077174905614022,
    0.39654714260266494,
    0.4297718762268056,
    0.4661584840332385,
    0.4753574266612519,
    0.46132130488381934,
    0.4518919140980616
  ],
  "val_loss": [
    2.0566214323043823,
    1.7105972416260664,
    1.4753180321525126,
    1.4185350817792557,
    1.4778661237043493,
    1.3218358684988583,
    1.5062389899702633,
    1.683341268230887,
    1.4464679781128378,
    1.7861302530064302,
    1.5774145547081442
  ],
  "val_acc": [
    0.4770992366412214,
    0.5629770992366412,
    0.6278625954198473,
    0.5572519083969466,
    0.549618320610687,
    0.6049618320610687,
    0.5477099236641222,
    0.5477099236641222,
    0.6297709923664122,
    0.6145038167938931,
    0.5381679389312977
  ],
  "val_f1": [
    0.25494994797842946,
    0.3521885655835013,
    0.4179263329333057,
    0.41173274330490356,
    0.4064801579078464,
    0.42386894991158036,
    0.40079318906573075,
    0.3612991337352691,
    0.38671280603098784,
    0.463477077374336,
    0.4009365764755524
  ]
}