{
  "epoch": [
    0,
    1,
    2,
    3,
    4,
    5,
    6,
    7
  ],
  "train_loss": [
    2.2035828674112565,
    1.7470273807758594,
    1.391729710666278,
    1.1838745388365883,
    1.0345595997708443,
    1.0359054742423632,
    0.8609403929182591,
    0.796457689682036
  ],
  "train_acc": [
    0.35758587786259544,
    0.5069179389312977,
    0.5531965648854962,
    0.558206106870229,
    0.6044847328244275,
    0.601145038167939,
    0.6278625954198473,
    0.6431297709923665
  ],
  "train_f1": [
    0.19432169736568114,
    0.31089197696643295,
    0.38685035652168787,
    0.4127970864677317,
    0.46663170193718684,
    0.475285102701318,
    0.5369716063948075,
    0.5402399954163554
  ],
  "val_loss": [
    1.922613129896276,
    1.4678827594308292,
    1.329921708387487,
    1.565338976242963,
    1.6364403928027433,
    1.547090067582972,
    1.6420390676049625,
    1.7742069048040054
  ],
  "val_acc": [
    0.5725190839694656,
    0.5248091603053435,
    0.583969465648855,
    0.5057251908396947,
    0.5057251908396947,
    0.6450381679389313,
    0.6202290076335878,
    0.5763358778625954
  ],
  "val_f1": [
    0.3270596409231665,
    0.3722091833444425,
    0.41681457605454075,
    0.4051845751980326,
    0.36874942473653877,
    0.4177857265337792,
    0.4339118573723104,
    0.4272414550390318
  ]
}