{
  "epoch": [
    0,
    1,
    2,
    3,
    4,
    5,
    6,
    7,
    8,
    9
  ],
  "train_loss": [
    2.290226955450218,
    1.9750085013513348,
    1.6511011487655056,
    1.4649589921681936,
    1.3127234086735557,
    1.2076566929125603,
    1.144121918286986,
    1.1099051810402907,
    1.0405451013841702,
    1.0005015221260887
  ],
  "train_acc": [
    0.23926526717557253,
    0.3995706106870229,
    0.4964217557251908,
    0.5186068702290076,
    0.5653625954198473,
    0.5522423664122137,
    0.5710877862595419,
    0.5963740458015268,
    0.5911259541984732,
    0.6018606870229007
  ],
  "train_f1": [
    0.1369497424795278,
    0.232378131663587,
    0.30826626911964533,
    0.3658117835511599,
    0.4070307460551174,
    0.4132625664660864,
    0.4159190132867365,
    0.444909106498933,
    0.46053645157006357,
    0.4769840718235431
  ],
  "val_loss": [
    2.0590894011890186,
    1.677934772828046,
    1.5211328373235815,
    1.605989347485935,
    1.3627500288626726,
    1.6754390527220333,
    1.8612969868323381,
    1.7513773038106806,
    1.5919491876574123,
    1.760217358084286
  ],
  "val_acc": [
    0.37213740458015265,
    0.5286259541984732,
    0.5324427480916031,
    0.5038167938931297,
    0.5648854961832062,
    0.517175572519084,
    0.42938931297709926,
    0.5744274809160306,
    0.6412213740458015,
    0.6507633587786259
  ],
  "val_f1": [
    0.19517500045302352,
    0.31180210494758137,
    0.365435056229634,
    0.37231927456799707,
    0.3831787237099961,
    0.32484283426083194,
    0.3275232369124181,
    0.4314762645566082,
    0.4529831752172178,
    0.4332204193143326
  ]
}