{
  "epoch": [
    0,
    1,
    2,
    3,
    4,
    5,
    6,
    7,
    8,
    9,
    10,
    11,
    12,
    13,
    14,
    15,
    16,
    17,
    18,
    19,
    20,
    21,
    22,
    23,
    24,
    25
  ],
  "train_loss": [
    2.307385696709611,
    2.1105926464532168,
    1.9548526429038011,
    1.9007449086385828,
    1.8479785227593575,
    1.7744165449652054,
    1.7631764930623177,
    1.703886112184015,
    1.7029509048425515,
    1.7380485025071006,
    1.6803159531746201,
    1.6738197362149945,
    1.6461552508914743,
    1.6483039391859797,
    1.642225982123659,
    1.6226000353580212,
    1.5641416454588184,
    1.554795852144256,
    1.5757635708983617,
    1.5346633341476208,
    1.511368236013951,
    1.4390404420044587,
    1.5037373809414056,
    1.4286844329979584,
    1.4917516967722477,
    1.4802191623749623
  ],
  "train_acc": [
    0.20658396946564886,
    0.38263358778625955,
    0.3785782442748092,
    0.4014790076335878,
    0.4083969465648855,
    0.3869274809160305,
    0.3990935114503817,
    0.41388358778625955,
    0.4098282442748092,
    0.38788167938931295,
    0.3814408396946565,
    0.3998091603053435,
    0.40958969465648853,
    0.4017175572519084,
    0.39408396946564883,
    0.40219465648854963,
    0.41197519083969464,
    0.40076335877862596,
    0.40553435114503816,
    0.42342557251908397,
    0.42604961832061067,
    0.40720419847328243,
    0.40577290076335876,
    0.41913167938931295,
    0.4124522900763359,
    0.4050572519083969
  ],
  "train_f1": [
    0.12636513445541375,
    0.20825681006844218,
    0.22949277834449158,
    0.2388144967713868,
    0.2541277242701849,
    0.2512508811591937,
    0.2625541484995631,
    0.26856158081162396,
    0.27072000279239866,
    0.25714347511810687,
    0.26304158212414713,
    0.2790349152780106,
    0.2779101943526211,
    0.27815027242375706,
    0.2736798240732464,
    0.27965770512445975,
    0.2941002767591136,
    0.2856216639885938,
    0.28439326374381885,
    0.2962017282685035,
    0.2939188588192305,
    0.3066462361670267,
    0.2955614654680326,
    0.3058247965563753,
    0.3025934117802553,
    0.3009496436831672
  ],
  "val_loss": [
    2.2111845437218163,
    2.0059704359839943,
    1.9199395249871647,
    1.8919511542600744,
    1.831253914272084,
    1.7759174318874584,
    1.9439474063761093,
    2.1295988419476677,
    1.868314125958611,
    1.8656916968962725,
    1.7547090614543241,
    2.4393984780592075,
    2.027766332906835,
    2.1310258753159466,
    2.0930804505067715,
    1.7836283936220056,
    1.8341693492496716,
    1.888939149239484,
    1.940980413380791,
    1.8423069505130543,
    1.9836521429174088,
    1.9079950697281782,
    1.8370377175948198,
    1.9663612456882702,
    2.037790901520673,
    1.8954722109962912
  ],
  "val_acc": [
    0.38549618320610685,
    0.49809160305343514,
    0.46564885496183206,
    0.5324427480916031,
    0.4580152671755725,
    0.4904580152671756,
    0.5648854961832062,
    0.42938931297709926,
    0.5438931297709924,
    0.5,
    0.3950381679389313,
    0.4847328244274809,
    0.4904580152671756,
    0.4484732824427481,
    0.3435114503816794,
    0.4637404580152672,
    0.4064885496183206,
    0.4580152671755725,
    0.4904580152671756,
    0.4580152671755725,
    0.383587786259542,
    0.5133587786259542,
    0.5019083969465649,
    0.36450381679389315,
    0.42748091603053434,
    0.3416030534351145
  ],
  "val_f1": [
    0.21221062930204598,
    0.23026061839275,
    0.23957124975458788,
    0.26542890249111734,
    0.2615569147904841,
    0.32356372210867224,
    0.29923325996496725,
    0.24847607290998414,
    0.31123703371727085,
    0.29850993497555295,
    0.24432369587395647,
    0.23005345886632,
    0.2825909532429774,
    0.2517454335996186,
    0.20589205217607534,
    0.275138439261205,
    0.27036389810930167,
    0.31109690796680994,
    0.2743251092290687,
    0.2791968637118851,
    0.2547795213189469,
    0.3374827634907493,
    0.3016037558399407,
    0.28306573789125355,
    0.27955902638932906,
    0.2546825874670993
  ]
}