{
  "epoch": [
    0,
    1,
    2,
    3,
    4,
    5,
    6,
    7,
    8
  ],
  "train_loss": [
    2.3420043028037965,
    1.9254618755733695,
    1.6013236823882766,
    1.3643884786212717,
    1.1670718124804607,
    1.0075163324825636,
    0.9424538808014556,
    0.9591820679093135,
    0.7585228886313111
  ],
  "train_acc": [
    0.23354007633587787,
    0.43702290076335876,
    0.5176526717557252,
    0.5720419847328244,
    0.5901717557251909,
    0.6090171755725191,
    0.6164122137404581,
    0.6297709923664122,
    0.6550572519083969
  ],
  "train_f1": [
    0.1296129240536118,
    0.2659747324590873,
    0.32545513473193294,
    0.38291986776791165,
    0.4475282774409534,
    0.5099365066715889,
    0.4945276033724491,
    0.49148394728749206,
    0.5521581727047271
  ],
  "val_loss": [
    2.09083293466007,
    1.6876856895054089,
    1.4544208610759062,
    1.3882796203388887,
    1.5033629606751835,
    1.4501305292634403,
    1.5128500601824593,
    1.5741212297888363,
    1.777180601568783
  ],
  "val_acc": [
    0.42748091603053434,
    0.5763358778625954,
    0.6068702290076335,
    0.5782442748091603,
    0.5038167938931297,
    0.5286259541984732,
    0.6221374045801527,
    0.6316793893129771,
    0.5610687022900763
  ],
  "val_f1": [
    0.281465852747446,
    0.3236790503595379,
    0.4129483583206769,
    0.4035832415339358,
    0.3644402116841596,
    0.39667044751077507,
    0.41172818194656613,
    0.4461964257937793,
    0.44159751128512925
  ]
}