{
  "epoch": [
    0,
    1,
    2,
    3,
    4,
    5,
    6,
    7,
    8,
    9,
    10,
    11,
    12,
    13,
    14,
    15,
    16
  ],
  "train_loss": [
    1.4461852325737932,
    1.0422844158784124,
    0.9125319960463139,
    0.8351755579009311,
    0.7500758926377041,
    0.7133418182835324,
    0.6354278878856251,
    0.5917883541520316,
    0.5692814863820113,
    0.52613548377088,
    0.5051936735861174,
    0.46344950135427576,
    0.46111007751399324,
    0.42650635756609095,
    0.4507229174878306,
    0.3878716779232935,
    0.3614457568708267
  ],
  "train_acc": [
    0.5572519083969466,
    0.6603053435114504,
    0.6960877862595419,
    0.7251908396946565,
    0.7480916030534351,
    0.7566793893129771,
    0.7795801526717557,
    0.7919847328244275,
    0.7981870229007634,
    0.8244274809160306,
    0.8268129770992366,
    0.8368320610687023,
    0.839456106870229,
    0.8468511450381679,
    0.8487595419847328,
    0.8640267175572519,
    0.8769083969465649
  ],
  "train_f1": [
    0.14968325031458002,
    0.2507771406913163,
    0.3186324667442011,
    0.3897668967483181,
    0.46048150056084935,
    0.48971797814217344,
    0.5466725642716358,
    0.5768978295687313,
    0.5873812092371168,
    0.6710373101295132,
    0.6568071372309693,
    0.7288538955265562,
    0.7393677857847526,
    0.7420711759446785,
    0.7583765454225962,
    0.8052421406969384,
    0.8328529244861115
  ],
  "val_loss": [
    1.1154783648603104,
    0.9234165303847369,
    0.8356435912496903,
    0.7934543455348295,
    0.9037053059129154,
    0.9258035982356352,
    0.7926119285471299,
    1.088112266624675,
    1.0686471953111536,
    0.9819338865139905,
    1.2430726710487814,
    1.108823530814227,
    1.2117881178855896,
    1.3784845050643473,
    1.2237445010858423,
    1.1965523327098173,
    1.4218903078752405
  ],
  "val_acc": [
    0.6316793893129771,
    0.6889312977099237,
    0.7137404580152672,
    0.7385496183206107,
    0.7251908396946565,
    0.732824427480916,
    0.7576335877862596,
    0.7404580152671756,
    0.7175572519083969,
    0.7099236641221374,
    0.6583969465648855,
    0.7099236641221374,
    0.7442748091603053,
    0.666030534351145,
    0.7041984732824428,
    0.7041984732824428,
    0.6774809160305344
  ],
  "val_f1": [
    0.19642017945756604,
    0.2828342430813992,
    0.31383330005980203,
    0.38594118666074134,
    0.4117431364355586,
    0.471965117349959,
    0.5338233357780541,
    0.41799039563267204,
    0.5205160011093143,
    0.49137481273194994,
    0.4427938660814137,
    0.44936204578381317,
    0.5316870693590671,
    0.4443670016262782,
    0.48085988501343785,
    0.4918510405854874,
    0.45164914930597
  ]
}