{
  "epoch": [
    0,
    1,
    2,
    3,
    4,
    5,
    6,
    7,
    8,
    9,
    10,
    11,
    12,
    13
  ],
  "train_loss": [
    2.1898236365718695,
    1.722893138423221,
    1.3826075241765903,
    1.2009630514920213,
    1.0360368751842557,
    0.9451560967296134,
    0.9223052149510566,
    0.8869581653644111,
    0.7936518878199672,
    0.8135884161896378,
    0.706221696302181,
    0.81030558686675,
    0.8956397634198647,
    0.961831194298868
  ],
  "train_acc": [
    0.3726145038167939,
    0.5336354961832062,
    0.569895038167939,
    0.5770515267175572,
    0.5877862595419847,
    0.6166507633587787,
    0.6214217557251909,
    0.6245229007633588,
    0.6550572519083969,
    0.6257156488549618,
    0.6793893129770993,
    0.6521946564885496,
    0.6385973282442748,
    0.6063931297709924
  ],
  "train_f1": [
    0.1871052837416429,
    0.3221049384276023,
    0.3785827555364847,
    0.42301626359200456,
    0.4515101333779818,
    0.5023727042901078,
    0.49001089565765626,
    0.5098159048243528,
    0.5864986541688155,
    0.5305061317746467,
    0.6125620400179052,
    0.5410950793398596,
    0.5109294599177434,
    0.48528494320314414
  ],
  "val_loss": [
    1.8961481066311108,
    1.4643552934422213,
    1.3959392309188843,
    1.2491299019140356,
    1.5445534341475542,
    1.6963248428176432,
    1.5581714896594776,
    1.8311932893360363,
    1.538990788600024,
    1.712676516350578,
    1.777822476976058,
    2.241506187354817,
    2.7166144497254314,
    2.9245894586338714
  ],
  "val_acc": [
    0.6164122137404581,
    0.583969465648855,
    0.5400763358778626,
    0.5916030534351145,
    0.5687022900763359,
    0.5954198473282443,
    0.6068702290076335,
    0.5896946564885496,
    0.43702290076335876,
    0.6603053435114504,
    0.5209923664122137,
    0.5591603053435115,
    0.41030534351145037,
    0.4637404580152672
  ],
  "val_f1": [
    0.299882649973628,
    0.4140473353156271,
    0.3409515971767979,
    0.4504598243579411,
    0.4035829298838202,
    0.3665525329161351,
    0.4366283595872126,
    0.43202023922816096,
    0.38678529812477963,
    0.5036641649734546,
    0.40558329194194054,
    0.4182007766079152,
    0.33124602543452375,
    0.3341556386650101
  ]
}