{
  "epoch": [
    0,
    1,
    2,
    3,
    4,
    5,
    6,
    7,
    8,
    9,
    10
  ],
  "train_loss": [
    2.337609777013764,
    1.9455365142749466,
    1.5474887476622603,
    1.3407933329807893,
    1.2089685706691888,
    1.0774449942676165,
    0.9312594646715936,
    0.8721138960077562,
    0.8083338340502659,
    0.8937907030109231,
    0.7684957901485093
  ],
  "train_acc": [
    0.21541030534351144,
    0.4324904580152672,
    0.5195610687022901,
    0.5727576335877863,
    0.5913645038167938,
    0.6056774809160306,
    0.6345419847328244,
    0.6502862595419847,
    0.6731870229007634,
    0.6254770992366412,
    0.674618320610687
  ],
  "train_f1": [
    0.126014153804686,
    0.2487197861427035,
    0.3735261604870599,
    0.3927795414311257,
    0.4329667393950706,
    0.4652433621786972,
    0.4998679696186615,
    0.5444688597822066,
    0.5774582620482457,
    0.49144990375371445,
    0.5592985079196423
  ],
  "val_loss": [
    2.0963609709459194,
    1.6208718243767233,
    1.431194848874036,
    1.4317854187067818,
    1.5495022815816544,
    1.3657541415270638,
    1.5477490425109863,
    1.5876411445000593,
    1.689902175875271,
    1.6809118355021757,
    1.5798730692442726
  ],
  "val_acc": [
    0.5706106870229007,
    0.6297709923664122,
    0.6221374045801527,
    0.5687022900763359,
    0.5763358778625954,
    0.6354961832061069,
    0.6354961832061069,
    0.6393129770992366,
    0.5916030534351145,
    0.5400763358778626,
    0.5954198473282443
  ],
  "val_f1": [
    0.2511625849804273,
    0.38310498728213765,
    0.4071399000340312,
    0.3980688178578646,
    0.3787371471263039,
    0.41751877873147497,
    0.4519531873266915,
    0.4581291249820303,
    0.4120431165198028,
    0.38545187179454277,
    0.4521385925516855
  ]
}