{
  "epoch": [
    0,
    1,
    2,
    3,
    4,
    5,
    6,
    7,
    8,
    9,
    10
  ],
  "train_loss": [
    2.3567460975574175,
    2.001452066516148,
    1.6998951316789817,
    1.4918689318285643,
    1.396960708476205,
    1.230454362303246,
    1.2212752697577003,
    1.0659254489054206,
    0.9805465977610522,
    0.9274041618554647,
    1.0180417974941602
  ],
  "train_acc": [
    0.1875,
    0.4231870229007634,
    0.4935591603053435,
    0.5338740458015268,
    0.5498568702290076,
    0.5930343511450382,
    0.5746660305343512,
    0.5920801526717557,
    0.6083015267175572,
    0.6166507633587787,
    0.6040076335877863
  ],
  "train_f1": [
    0.11625323673208697,
    0.23686350620042876,
    0.2959227897814883,
    0.3441645854886541,
    0.3776805361710723,
    0.4368139441053666,
    0.4105287430031401,
    0.4569194048350585,
    0.47633458129104117,
    0.47821721436409237,
    0.46916105298936106
  ],
  "val_loss": [
    2.1144576703800873,
    1.7311511390349443,
    1.577080993091359,
    1.5869907841962927,
    1.4622419897247763,
    1.4406426899573381,
    1.4799796132480396,
    1.7840852877672981,
    1.55844546065611,
    1.6688696619342356,
    2.484853967147715
  ],
  "val_acc": [
    0.47900763358778625,
    0.549618320610687,
    0.5114503816793893,
    0.41030534351145037,
    0.5648854961832062,
    0.6183206106870229,
    0.583969465648855,
    0.5610687022900763,
    0.5801526717557252,
    0.6297709923664122,
    0.5038167938931297
  ],
  "val_f1": [
    0.26353525342810125,
    0.336728852537383,
    0.3307188572504324,
    0.31985752414798374,
    0.40224949652686665,
    0.4188471135569211,
    0.42368270975332306,
    0.3391644069148622,
    0.41474748116776144,
    0.4354002347537058,
    0.32727622216395447
  ]
}