{
  "epoch": [
    0,
    1,
    2,
    3,
    4,
    5,
    6,
    7,
    8,
    9,
    10,
    11,
    12,
    13,
    14,
    15,
    16,
    17,
    18,
    19,
    20,
    21,
    22,
    23,
    24,
    25,
    26,
    27,
    28,
    29,
    30,
    31,
    32,
    33,
    34,
    35,
    36,
    37,
    38,
    39,
    40,
    41,
    42,
    43,
    44,
    45,
    46,
    47,
    48,
    49
  ],
  "train_loss": [
    1.7659761782820897,
    1.4371871620644139,
    1.3717745583476002,
    1.261385328897083,
    1.0579681721807437,
    0.9163546657744255,
    0.7348459560907524,
    0.6340174823999405,
    0.5283796042203903,
    0.5649802259930218,
    0.465710035774089,
    0.44180219759809153,
    0.405264790731532,
    0.37906186629570165,
    0.3190453571502034,
    0.2775675393925368,
    0.2635405216906362,
    0.28381104986289984,
    0.24121107021702154,
    0.22842773169506597,
    0.2325574734056269,
    0.22405572428958107,
    0.21868822672439894,
    0.19762606314518524,
    0.2158053008882144,
    0.1970474858206647,
    0.18817581392767777,
    0.196463214048675,
    0.18970838072532006,
    0.1841795177746365,
    0.17908462566387562,
    0.19615636541301967,
    0.18455951001125437,
    0.17671559795111647,
    0.17806169043742973,
    0.18621683369554182,
    0.17486359085176736,
    0.16167768594304113,
    0.18285712147600777,
    0.18740242221996983,
    0.19000665979985973,
    0.18708505869651113,
    0.16951496771159974,
    0.1811033308164764,
    0.17841653190268816,
    0.19021372525519087,
    0.18051399225155815,
    0.1733769778418177,
    0.1715617188686178,
    0.17183085087373967
  ],
  "train_acc": [
    0.46111641221374045,
    0.5050095419847328,
    0.5114503816793893,
    0.5362595419847328,
    0.5751431297709924,
    0.5920801526717557,
    0.6603053435114504,
    0.6927480916030534,
    0.7223282442748091,
    0.728530534351145,
    0.759780534351145,
    0.7783874045801527,
    0.7907919847328244,
    0.7969942748091603,
    0.8251431297709924,
    0.8380248091603053,
    0.8413645038167938,
    0.8504293893129771,
    0.8523377862595419,
    0.8563931297709924,
    0.8645038167938931,
    0.8635496183206107,
    0.8687977099236641,
    0.8778625954198473,
    0.8757156488549618,
    0.8747614503816794,
    0.8854961832061069,
    0.8776240458015268,
    0.8814408396946565,
    0.8785782442748091,
    0.889074427480916,
    0.8864503816793893,
    0.8845419847328244,
    0.8866889312977099,
    0.8838263358778626,
    0.8883587786259542,
    0.8914599236641222,
    0.896469465648855,
    0.8914599236641222,
    0.8854961832061069,
    0.8845419847328244,
    0.8893129770992366,
    0.8881202290076335,
    0.8888358778625954,
    0.8809637404580153,
    0.8852576335877863,
    0.8859732824427481,
    0.8909828244274809,
    0.893368320610687,
    0.8928912213740458
  ],
  "train_f1": [
    0.29121586402598276,
    0.35187939065713225,
    0.36704787647295267,
    0.3904137037399009,
    0.4446006732726076,
    0.4770685194701583,
    0.5645918487175042,
    0.623568444921154,
    0.7105235287044439,
    0.688321258959518,
    0.756092805432738,
    0.7675827224737712,
    0.7832328457970412,
    0.7931373299139537,
    0.8161394888156892,
    0.8449525379096684,
    0.850423842254128,
    0.8452415905468144,
    0.8541956881321027,
    0.8537650285183649,
    0.873931791007718,
    0.8780256597714909,
    0.8706527531424119,
    0.8792539049327744,
    0.8732034468508808,
    0.8957829817719226,
    0.8899031276255563,
    0.8853614794864111,
    0.8974444772965328,
    0.8950320868386501,
    0.8929940017522813,
    0.8957685994227613,
    0.9006522936152652,
    0.8985493120520055,
    0.895831663340011,
    0.8970063644861832,
    0.9022645860070013,
    0.9113374734153372,
    0.8957133044392122,
    0.8942575845979822,
    0.8888809717512628,
    0.904127507072791,
    0.9020806653796206,
    0.8982144048629408,
    0.9011255099487205,
    0.8911617685827359,
    0.8933606300810031,
    0.9026576009645116,
    0.9088410576568212,
    0.902702065658985
  ],
  "val_loss": [
    2.0295593843740574,
    1.4199539738542892,
    1.7449436433175032,
    1.5666352282552158,
    1.5575959296787487,
    1.7517310345874113,
    1.4971145058379454,
    1.6620370815781986,
    1.9091673581039204,
    2.096669128712486,
    1.79977967283305,
    1.8675650831531077,
    1.9308583561111898,
    1.9438917181071114,
    1.9788481014616348,
    2.1355199568411884,
    2.229140669107437,
    2.0970642741988685,
    2.233097164069905,
    2.2137171310537003,
    2.2451355895575356,
    2.1530839152195873,
    2.2401287993964027,
    2.2176790851003982,
    2.1550020575523376,
    2.236654041444554,
    2.2692584272693184,
    2.2403479761937084,
    2.2679314192603615,
    2.2957406236844906,
    2.287549187155331,
    2.289477879510206,
    2.3145751584978664,
    2.3150342422373154,
    2.353267440024544,
    2.3009080097955814,
    2.291578636449926,
    2.303333818912506,
    2.321667757104425,
    2.2907972774084877,
    2.3021954578511856,
    2.324680917403277,
    2.323384817908792,
    2.346635804456823,
    2.3134621206451866,
    2.348940677502576,
    2.3178536138113808,
    2.326755446546218,
    2.338328277363497,
    2.325234427171595
  ],
  "val_acc": [
    0.45038167938931295,
    0.5381679389312977,
    0.43320610687022904,
    0.5419847328244275,
    0.5515267175572519,
    0.566793893129771,
    0.683206106870229,
    0.6297709923664122,
    0.6927480916030534,
    0.6965648854961832,
    0.6679389312977099,
    0.6526717557251909,
    0.6812977099236641,
    0.6908396946564885,
    0.7061068702290076,
    0.7061068702290076,
    0.7270992366412213,
    0.7061068702290076,
    0.7137404580152672,
    0.6927480916030534,
    0.7061068702290076,
    0.7041984732824428,
    0.7061068702290076,
    0.7194656488549618,
    0.7118320610687023,
    0.7194656488549618,
    0.7213740458015268,
    0.7175572519083969,
    0.7213740458015268,
    0.7232824427480916,
    0.7213740458015268,
    0.7213740458015268,
    0.7232824427480916,
    0.7251908396946565,
    0.7270992366412213,
    0.7251908396946565,
    0.7213740458015268,
    0.7175572519083969,
    0.7213740458015268,
    0.7213740458015268,
    0.7175572519083969,
    0.7175572519083969,
    0.7194656488549618,
    0.7213740458015268,
    0.7194656488549618,
    0.7213740458015268,
    0.7194656488549618,
    0.7194656488549618,
    0.7232824427480916,
    0.7156488549618321
  ],
  "val_f1": [
    0.31134607789942037,
    0.36414708158127806,
    0.36326004817271157,
    0.3912761168033807,
    0.4051907248197679,
    0.44825902536946516,
    0.5156990663200728,
    0.4704491487730074,
    0.526596692240704,
    0.4990338040215633,
    0.49141118233955067,
    0.4967665420270007,
    0.5306469478004405,
    0.5308934178768889,
    0.5429193457651272,
    0.5287578502480931,
    0.5350941980965945,
    0.5319543833056424,
    0.5440411683860573,
    0.5112337047580385,
    0.5319917619179767,
    0.5141601790184386,
    0.5269976796559853,
    0.5353385824486201,
    0.5370353607210252,
    0.546427197123731,
    0.5420904996205057,
    0.5392205486544923,
    0.54491808707323,
    0.5397914020491069,
    0.5404523894622905,
    0.5471507570818893,
    0.5475639656996036,
    0.5491593040295049,
    0.5508997351658214,
    0.546113543579554,
    0.5466168804113468,
    0.5347154320142553,
    0.5424927293302457,
    0.5422801104916433,
    0.5357555232337423,
    0.5309607005220518,
    0.5367047713699717,
    0.5375274106291029,
    0.5351843820994959,
    0.5460828009912966,
    0.5353750996698557,
    0.5464625631003489,
    0.5537610174969232,
    0.5337530448374301
  ]
}