{
  "epoch": [
    0,
    1,
    2,
    3,
    4,
    5,
    6,
    7,
    8,
    9,
    10,
    11,
    12,
    13,
    14
  ],
  "train_loss": [
    2.0307001949266623,
    1.703535358414395,
    1.5515015912419967,
    1.5244152341180175,
    1.4407137536820565,
    1.4056210759031864,
    1.3651841715091968,
    1.3280655495993055,
    1.2801234221640434,
    1.3036511417563634,
    1.2686236000243034,
    1.2306390946148007,
    1.205639524769237,
    1.1926993627584617,
    1.1873451100505945
  ],
  "train_acc": [
    0.47638358778625955,
    0.5431774809160306,
    0.5534351145038168,
    0.5367366412213741,
    0.5434160305343512,
    0.5508110687022901,
    0.5503339694656488,
    0.5479484732824428,
    0.5603530534351145,
    0.5608301526717557,
    0.5508110687022901,
    0.5436545801526718,
    0.5481870229007634,
    0.5670324427480916,
    0.5543893129770993
  ],
  "train_f1": [
    0.2511314459386988,
    0.32792057510463574,
    0.3724185502392794,
    0.3549891498998503,
    0.37529800604035246,
    0.3927056822972176,
    0.39748417298837707,
    0.3974108684982158,
    0.40653440157974824,
    0.39642449295584803,
    0.4038525400713413,
    0.4246209243557605,
    0.4035305298350424,
    0.44512395258434584,
    0.41740652527609057
  ],
  "val_loss": [
    1.7441061454660751,
    1.5599890596726362,
    1.5439664721488953,
    1.4968069581424488,
    1.4813302825478947,
    1.445818105164696,
    1.449459829751183,
    1.4250940435072954,
    1.4420610631213469,
    1.4686157072291655,
    1.4417637200916515,
    1.4390557723886825,
    1.480859942295972,
    1.37905213061501,
    1.4195740748854244
  ],
  "val_acc": [
    0.6145038167938931,
    0.6164122137404581,
    0.6183206106870229,
    0.5629770992366412,
    0.5916030534351145,
    0.5763358778625954,
    0.5438931297709924,
    0.5782442748091603,
    0.5744274809160306,
    0.566793893129771,
    0.5648854961832062,
    0.5782442748091603,
    0.5458015267175572,
    0.5629770992366412,
    0.5801526717557252
  ],
  "val_f1": [
    0.36160700497652987,
    0.4097293890199087,
    0.37574630134410486,
    0.3544220434921858,
    0.376372887816733,
    0.38366595339960785,
    0.395980622537493,
    0.40571241351031345,
    0.37111081462511586,
    0.39586226518153445,
    0.40777424908306636,
    0.38736847463223023,
    0.4010588080172933,
    0.39520443321793414,
    0.4007784125218711
  ]
}